Date,Open,High,Low,Close,Volume
3/27/2014 16:00,28.32,28.32,27.57,27.85,13052
3/28/2014 16:00,27.99,28.24,27.86,27.92,41003
3/31/2014 16:00,28.27,28.27,27.77,27.77,10772
4/1/2014 16:00,27.86,28.34,27.86,28.28,7932
4/2/2014 16:00,28.96,30.16,28.03,28.27,146697
4/3/2014 16:00,28.41,29.28,28.13,28.41,5087530
4/4/2014 16:00,28.65,28.81,27.08,27.08,6377658
4/7/2014 16:00,26.96,27.35,26.29,26.83,4389569
4/8/2014 16:00,27.06,27.67,27.01,27.67,3152406
4/9/2014 16:00,27.9,28.19,27.57,28.13,3324742
4/10/2014 16:00,28.17,28.17,26.92,26.97,4027743
4/11/2014 16:00,26.55,26.93,26.25,26.46,3916171
4/14/2014 16:00,26.84,27.13,26.41,26.55,2568020
4/15/2014 16:00,26.77,26.85,25.85,26.75,3847453
4/16/2014 16:00,27.08,27.77,26.93,27.75,4879889
4/17/2014 16:00,27.37,27.4,26.48,26.73,6795393
4/21/2014 16:00,26.73,26.76,26.21,26.36,2561214
4/22/2014 16:00,26.36,26.79,26.3,26.67,2359421
4/23/2014 16:00,26.62,26.62,26.24,26.27,2051066
4/24/2014 16:00,26.43,26.51,26.03,26.19,1881965
4/25/2014 16:00,26.05,26.16,25.7,25.74,2097264
4/28/2014 16:00,25.79,25.86,25.07,25.79,3326429
4/29/2014 16:00,25.77,26.4,25.75,26.31,2692489
4/30/2014 16:00,26.31,26.33,26.05,26.26,1746904
5/1/2014 16:00,26.28,26.57,26.12,26.49,1900432
5/2/2014 16:00,26.61,26.63,26.21,26.32,1685042
5/5/2014 16:00,26.17,26.37,25.99,26.32,1021408
5/6/2014 16:00,26.19,26.27,25.68,25.69,1684381
5/7/2014 16:00,25.72,25.76,25.1,25.43,3216077
5/8/2014 16:00,25.35,25.79,25.25,25.48,2016131
5/9/2014 16:00,25.47,25.92,25.14,25.87,2432783
5/12/2014 16:00,26.1,26.44,25.88,26.42,1908392
5/13/2014 16:00,26.47,26.73,26.4,26.58,1648907
5/14/2014 16:00,26.58,26.58,26.19,26.26,1191863
5/15/2014 16:00,26.21,26.22,25.8,25.93,1703758
5/16/2014 16:00,26,26.02,25.7,25.96,1481688
5/19/2014 16:00,25.91,26.42,25.81,26.37,1276362
5/20/2014 16:00,26.41,26.74,26.24,26.42,1780113
5/21/2014 16:00,26.57,26.89,26.52,26.87,1193389
5/22/2014 16:00,26.98,27.31,26.96,27.18,1611837
5/23/2014 16:00,27.29,27.61,27.11,27.56,1929632
5/27/2014 16:00,27.72,28.22,27.64,28.22,2100298
5/28/2014 16:00,28.15,28.31,27.97,28.01,1647717
5/29/2014 16:00,28.09,28.12,27.86,27.93,1350657
5/30/2014 16:00,27.96,27.99,27.72,27.92,1766794
6/2/2014 16:00,27.96,27.97,27.21,27.62,1434989
6/3/2014 16:00,27.47,27.54,27.05,27.17,1861921
6/4/2014 16:00,27,27.36,26.86,27.16,1812084
6/5/2014 16:00,27.25,27.67,27.15,27.62,1684886
6/6/2014 16:00,27.83,27.83,27.37,27.74,1732592
6/9/2014 16:00,27.78,28.07,27.73,28.03,1463676
6/10/2014 16:00,27.95,28.1,27.82,27.95,1349444
6/11/2014 16:00,27.82,27.92,27.68,27.87,1097380
6/12/2014 16:00,27.79,27.82,27.35,27.49,1457104
6/13/2014 16:00,27.54,27.54,27.2,27.51,1217176
6/16/2014 16:00,27.39,27.41,27,27.14,1704027
6/17/2014 16:00,27.14,27.19,26.89,27.08,1445878
6/18/2014 16:00,27.17,27.6,27.13,27.59,1737343
6/19/2014 16:00,27.64,27.67,27.35,27.67,2451341
6/20/2014 16:00,27.77,27.8,27.44,27.74,4496962
6/23/2014 16:00,27.68,28.17,27.64,28.17,1534659
6/24/2014 16:00,28.18,28.55,27.97,28.15,2201789
6/25/2014 16:00,28.19,28.92,28.18,28.85,1964447
6/26/2014 16:00,28.97,29.04,28.51,28.72,1737210
6/27/2014 16:00,28.78,28.91,28.61,28.78,2231174
6/30/2014 16:00,28.85,28.9,28.66,28.69,1310909
7/1/2014 16:00,28.84,29.14,28.75,29.05,1446309
7/2/2014 16:00,29.09,29.19,28.94,29.04,1054936
7/3/2014 16:00,29.09,29.17,28.97,29.16,712210
7/7/2014 16:00,29.11,29.24,28.9,29.03,1061833
7/8/2014 16:00,28.8,28.9,28.23,28.48,1908647
7/9/2014 16:00,28.5,28.76,28.39,28.73,1113907
7/10/2014 16:00,28.22,28.75,28.17,28.48,1353317
7/11/2014 16:00,28.52,28.96,28.49,28.88,1617569
7/14/2014 16:00,29.05,29.18,28.82,29.16,1852290
7/15/2014 16:00,29.21,29.21,28.75,29.16,1618815
7/16/2014 16:00,29.32,29.34,29.03,29.05,1394560
7/17/2014 16:00,28.9,28.97,28.35,28.61,3015475
7/18/2014 16:00,29.57,29.76,29.02,29.67,4006389
7/21/2014 16:00,29.51,29.64,29.18,29.39,2060334
7/22/2014 16:00,29.46,29.9,29.45,29.66,1694787
7/23/2014 16:00,29.58,29.81,29.54,29.72,1229846
7/24/2014 16:00,29.74,29.89,29.51,29.59,1033341
7/25/2014 16:00,29.44,29.51,29.27,29.37,932724
7/28/2014 16:00,29.32,29.54,29.16,29.45,984161
7/29/2014 16:00,29.36,29.4,29.1,29.2,1346647
7/30/2014 16:00,29.25,29.39,29.12,29.29,1013932
7/31/2014 16:00,28.95,29.1,28.42,28.5,2099516
8/1/2014 16:00,28.44,28.72,28.07,28.23,1950171
8/4/2014 16:00,28.37,28.69,28.13,28.58,1427169
8/5/2014 16:00,28.42,28.52,28.05,28.18,1556685
8/6/2014 16:00,28.01,28.46,27.92,28.24,1330877
8/7/2014 16:00,28.32,28.42,27.98,28.09,1108900
8/8/2014 16:00,28.1,28.43,27.94,28.36,1492491
8/11/2014 16:00,28.42,28.45,28.22,28.32,1215968
8/12/2014 16:00,28.15,28.22,27.97,28.06,1537758
8/13/2014 16:00,28.29,28.67,28.21,28.66,1437922
8/14/2014 16:00,28.73,28.82,28.47,28.65,982926
8/15/2014 16:00,28.81,28.89,28.45,28.6,1517056
8/18/2014 16:00,28.73,29.15,28.72,29.03,1282531
8/19/2014 16:00,29.17,29.29,29.12,29.26,979298
8/20/2014 16:00,29.21,29.25,29.05,29.14,1034779
8/21/2014 16:00,29.11,29.14,28.98,29.09,912854
8/22/2014 16:00,29.1,29.18,28.95,29.05,789484
8/25/2014 16:00,29.16,29.17,28.87,28.93,1358810
8/26/2014 16:00,28.98,29.01,28.75,28.81,1635465
8/27/2014 16:00,28.78,28.85,28.43,28.47,1700161
8/28/2014 16:00,28.4,28.58,28.28,28.38,1295963
8/29/2014 16:00,28.49,28.52,28.28,28.5,1081231
9/2/2014 16:00,28.51,28.81,28.48,28.79,1576830
9/3/2014 16:00,28.92,29.07,28.67,28.82,1214586
9/4/2014 16:00,28.92,29.22,28.88,29.02,1459956
9/5/2014 16:00,29.12,29.25,29.02,29.22,1629477
9/8/2014 16:00,29.25,29.51,29.23,29.41,1429101
9/9/2014 16:00,29.36,29.37,28.92,28.97,1286722
9/10/2014 16:00,29,29.1,28.77,29.08,975145
9/11/2014 16:00,28.94,29.01,28.73,28.99,1217721
9/12/2014 16:00,28.97,29,28.64,28.7,1597677
9/15/2014 16:00,28.57,28.67,28.33,28.58,1596224
9/16/2014 16:00,28.56,29,28.55,28.92,1478306
9/17/2014 16:00,28.92,29.3,28.86,29.16,1690994
9/18/2014 16:00,29.27,29.4,29.17,29.38,1442012
9/19/2014 16:00,29.49,29.74,29.39,29.72,3727045
9/22/2014 16:00,29.61,29.62,29.09,29.29,1687710
9/23/2014 16:00,29.26,29.26,28.97,28.98,1467703
9/24/2014 16:00,28.99,29.4,28.95,29.32,1724537
9/25/2014 16:00,29.3,29.32,28.63,28.67,1925350
9/26/2014 16:00,28.72,28.88,28.65,28.78,1439807
9/29/2014 16:00,28.51,28.83,28.48,28.74,1281204
9/30/2014 16:00,28.77,28.91,28.56,28.79,1618437
10/1/2014 16:00,28.72,28.8,28.27,28.34,1445027
10/2/2014 16:00,28.29,28.52,28.09,28.43,1175307
10/3/2014 16:00,28.57,28.78,28.55,28.69,1138636
10/6/2014 16:00,28.86,28.97,28.64,28.79,1211320
10/7/2014 16:00,28.64,28.68,28.11,28.11,1906427
10/8/2014 16:00,28.2,28.62,27.8,28.55,1987888
10/9/2014 16:00,28.48,28.5,27.88,27.97,2519693
10/10/2014 16:00,27.81,28.18,27.13,27.15,3078634
10/13/2014 16:00,27.17,27.4,26.58,26.59,2578676
10/14/2014 16:00,26.87,27.28,26.59,26.82,2217230
10/15/2014 16:00,26.48,26.57,25.84,26.43,3712536
10/16/2014 16:00,25.88,26.4,25.68,26.15,3698423
10/17/2014 16:00,26.29,26.48,25.36,25.49,5530674
10/20/2014 16:00,25.4,26.02,25.34,25.97,2605505
10/21/2014 16:00,26.19,26.27,25.88,26.25,2332531
10/22/2014 16:00,26.42,26.92,26.37,26.56,2917183
10/23/2014 16:00,26.89,27.29,26.72,27.12,2345296
10/24/2014 16:00,27.14,27.17,26.72,26.92,1972047
10/27/2014 16:00,26.78,27.15,26.78,26.96,1184973
10/28/2014 16:00,27.08,27.37,27.01,27.37,1273372
10/29/2014 16:00,27.42,27.63,27.27,27.39,1767107
10/30/2014 16:00,27.37,27.56,27.1,27.44,1451667
10/31/2014 16:00,27.89,27.9,27.66,27.88,2032887
11/3/2014 16:00,27.7,27.82,27.59,27.69,1378511
11/4/2014 16:00,27.57,27.7,27.39,27.63,1240761
11/5/2014 16:00,27.76,27.76,27.13,27.22,2026740
11/6/2014 16:00,27.2,27.27,26.97,27.03,1329604
11/7/2014 16:00,27.24,27.24,26.86,26.98,1629259
11/10/2014 16:00,27,27.4,26.98,27.3,1131546
11/11/2014 16:00,27.35,27.52,27.24,27.44,964866
11/12/2014 16:00,27.44,27.45,27.18,27.29,1126594
11/13/2014 16:00,27.41,27.41,27.1,27.19,1335719
11/14/2014 16:00,27.26,27.26,27.03,27.15,1285991
11/17/2014 16:00,27.1,27.12,26.63,26.75,1721282
11/18/2014 16:00,26.8,27.02,26.64,26.68,1957664
11/19/2014 16:00,26.68,26.84,26.43,26.78,1388440
11/20/2014 16:00,26.49,26.68,26.48,26.67,1559131
11/21/2014 16:00,27.01,27.03,26.75,26.8,2218249
11/24/2014 16:00,26.81,27.06,26.71,26.89,1701682
11/25/2014 16:00,26.88,27.12,26.86,26.98,1784967
11/26/2014 16:00,26.97,27,26.78,26.94,1519503
11/28/2014 16:00,26.96,27.03,26.76,27.02,1145231
12/1/2014 16:00,26.87,27,26.52,26.62,2109599
12/2/2014 16:00,26.6,26.7,26.42,26.61,1522481
12/3/2014 16:00,26.5,26.73,26.39,26.49,1279288
12/4/2014 16:00,26.49,26.79,26.36,26.79,1392208
12/5/2014 16:00,26.48,26.57,26.14,26.19,2558649
12/8/2014 16:00,26.28,26.48,26.12,26.28,2327127
12/9/2014 16:00,26.04,26.64,25.95,26.6,1871268
12/10/2014 16:00,26.58,26.74,26.21,26.23,1716835
12/11/2014 16:00,26.32,26.62,26.28,26.34,1610964
12/12/2014 16:00,26.1,26.35,25.86,25.86,1989117
12/15/2014 16:00,26.07,26.08,25.59,25.62,2812786
12/16/2014 16:00,25.51,25.58,24.38,24.7,3953371
12/17/2014 16:00,24.78,25.28,24.77,25.18,2875281
12/18/2014 16:00,25.58,25.62,25.17,25.49,2918730
12/19/2014 16:00,25.51,25.82,25.28,25.75,3680148
12/22/2014 16:00,25.73,26.25,25.73,26.17,2723599
12/23/2014 16:00,26.28,26.65,26.24,26.46,2191567
12/24/2014 16:00,26.45,26.52,26.28,26.37,704035
12/26/2014 16:00,26.37,26.64,26.29,26.63,1037727
12/29/2014 16:00,26.54,26.7,26.43,26.44,2276104
12/30/2014 16:00,26.33,26.48,26.28,26.45,873923
12/31/2014 16:00,26.49,26.56,26.22,26.25,1371819
1/2/2015 16:00,26.38,26.49,26.13,26.17,1446662
1/5/2015 16:00,26.09,26.14,25.58,25.62,2054238
1/6/2015 16:00,25.68,25.74,24.98,25.03,2891950
1/7/2015 16:00,25.28,25.29,24.91,24.99,2059366
1/8/2015 16:00,24.83,25.11,24.48,25.07,3344395
1/9/2015 16:00,25.17,25.18,24.67,24.74,2065715
1/12/2015 16:00,24.68,24.73,24.31,24.56,2320446
1/13/2015 16:00,24.87,25.08,24.55,24.74,2365687
1/14/2015 16:00,24.66,25.09,24.58,24.97,2229638
1/15/2015 16:00,25.21,25.21,24.82,25.02,2711355
1/16/2015 16:00,24.93,25.34,24.93,25.33,2292043
1/20/2015 16:00,25.48,25.55,25.23,25.28,2225922
1/21/2015 16:00,25.29,25.89,25.24,25.83,2262455
1/22/2015 16:00,26,26.74,25.91,26.65,2669558
1/23/2015 16:00,26.71,27.03,26.58,26.92,2275485
1/26/2015 16:00,26.85,26.88,26.41,26.69,1539524
1/27/2015 16:00,26.43,26.46,25.84,25.86,1898844
1/28/2015 16:00,26.07,26.08,25.43,25.43,1679230
1/29/2015 16:00,25.48,25.48,24.99,25.46,4174924
1/30/2015 16:00,25.72,26.92,25.71,26.65,5590977
2/2/2015 16:00,26.51,26.58,25.86,26.35,2841976
2/3/2015 16:00,26.33,26.6,26.09,26.39,2033085
2/4/2015 16:00,26.39,26.56,25.99,26.07,1659125
2/5/2015 16:00,26.12,26.35,26.03,26.31,1844687
2/6/2015 16:00,26.31,26.79,26.25,26.48,1758650
2/9/2015 16:00,26.33,26.53,26.23,26.32,1264276
2/10/2015 16:00,26.39,26.81,26.27,26.77,1745076
2/11/2015 16:00,26.69,26.85,26.6,26.73,1373970
2/12/2015 16:00,26.79,27.17,26.66,27.07,1615824
2/13/2015 16:00,27.09,27.42,27.08,27.38,1895126
2/17/2015 16:00,27.27,27.42,26.98,27.07,1612439
2/18/2015 16:00,27,27.2,26.8,26.91,1449089
2/19/2015 16:00,26.83,27.08,26.83,27.07,987478
2/20/2015 16:00,27.08,27.11,26.72,26.87,1441212
2/23/2015 16:00,26.73,26.75,26.4,26.52,1453907
2/24/2015 16:00,26.43,26.77,26.34,26.73,1002393
2/25/2015 16:00,26.72,27.24,26.7,27.12,1821041
2/26/2015 16:00,27.09,27.73,27,27.7,2305219
2/27/2015 16:00,27.64,28.16,27.57,27.84,2403553
3/2/2015 16:00,27.95,28.53,27.86,28.49,2123796
3/3/2015 16:00,28.44,28.69,28.25,28.6,1700084
3/4/2015 16:00,28.52,28.78,28.32,28.59,1871694
3/5/2015 16:00,28.67,28.82,28.59,28.69,1385818
3/6/2015 16:00,28.67,28.76,28.26,28.31,1654561
3/9/2015 16:00,28.27,28.44,28.1,28.36,1059336
3/10/2015 16:00,28.14,28.17,27.66,27.67,1787357
3/11/2015 16:00,27.68,27.83,27.46,27.48,1815763
3/12/2015 16:00,27.6,27.74,27.45,27.7,1385772
3/13/2015 16:00,27.6,27.84,27.14,27.29,1698872
3/16/2015 16:00,27.47,27.77,27.23,27.65,1636493
3/17/2015 16:00,27.51,27.61,27.32,27.47,1800570
3/18/2015 16:00,27.55,27.91,27.28,27.9,2128714
3/19/2015 16:00,27.89,27.96,27.73,27.82,1194049
3/20/2015 16:00,28.01,28.01,27.88,27.94,2609690
3/23/2015 16:00,27.94,28.04,27.72,27.86,1639306
3/24/2015 16:00,28.05,28.65,27.98,28.43,2576234
3/25/2015 16:00,28.45,28.53,27.86,27.86,2146384
3/26/2015 16:00,27.8,27.87,27.46,27.68,1568331
3/27/2015 16:00,27.57,27.69,27.33,27.34,1892323
3/30/2015 16:00,27.51,27.6,27.33,27.53,1283958
3/31/2015 16:00,27.42,27.66,27.26,27.32,1583677
4/1/2015 16:00,27.35,27.48,26.9,27.05,1957718
4/2/2015 16:00,26.97,26.97,26.62,26.7,1711737
4/6/2015 16:00,26.54,26.85,26.41,26.76,1320767
4/7/2015 16:00,26.83,27.06,26.73,26.78,1299298
4/8/2015 16:00,26.85,27.12,26.85,27.01,1175332
4/9/2015 16:00,26.98,27.02,26.7,26.96,1553586
4/10/2015 16:00,27.04,27.04,26.79,26.93,1405574
4/13/2015 16:00,26.85,27.13,26.79,26.88,1640809
4/14/2015 16:00,26.74,26.8,26.33,26.45,2597043
4/15/2015 16:00,26.36,26.66,26.09,26.55,2312512
4/16/2015 16:00,26.42,26.71,26.41,26.62,1296304
4/17/2015 16:00,26.36,26.42,25.98,26.13,2145955
4/20/2015 16:00,26.21,26.73,26.15,26.7,1675487
4/21/2015 16:00,26.8,26.9,26.61,26.63,1839668
4/22/2015 16:00,26.65,26.98,26.51,26.89,1589248
4/23/2015 16:00,26.98,27.47,26.94,27.28,4173376
4/24/2015 16:00,28.23,28.48,27.79,28.18,4919031
4/27/2015 16:00,28.17,28.3,27.66,27.77,2398039
4/28/2015 16:00,27.73,27.8,27.52,27.68,1490983
4/29/2015 16:00,27.52,27.68,27.35,27.45,1698761
4/30/2015 16:00,27.39,27.43,26.75,26.87,2082214
5/1/2015 16:00,26.92,26.98,26.61,26.9,1768181
5/4/2015 16:00,26.93,27.2,26.75,27.04,1307960
5/5/2015 16:00,26.91,26.99,26.52,26.54,1383068
5/6/2015 16:00,26.56,26.62,26.05,26.21,1566987
5/7/2015 16:00,26.2,26.67,26.09,26.54,1546278
5/8/2015 16:00,26.83,27.06,26.8,26.91,1527615
5/11/2015 16:00,26.92,27.1,26.77,26.79,905285
5/12/2015 16:00,26.58,26.66,26.26,26.45,1634174
5/13/2015 16:00,26.53,26.72,26.43,26.48,1253063
5/14/2015 16:00,26.69,26.95,26.62,26.92,1403935
5/15/2015 16:00,26.96,26.96,26.52,26.69,1971343
5/18/2015 16:00,26.6,26.74,26.44,26.62,2003421
5/19/2015 16:00,26.7,27.03,26.65,26.87,1966947
5/20/2015 16:00,26.92,27.15,26.65,26.96,1430826
5/21/2015 16:00,26.9,27.19,26.8,27.13,1462695
5/22/2015 16:00,27.01,27.21,26.98,27.01,1176214
5/26/2015 16:00,26.91,26.95,26.49,26.62,2406512
5/27/2015 16:00,26.64,27.03,26.59,26.99,1525019
5/28/2015 16:00,26.9,27.03,26.81,26.99,1029849
5/29/2015 16:00,26.87,26.93,26.57,26.61,2597407
6/1/2015 16:00,26.84,26.84,26.49,26.7,1904332
6/2/2015 16:00,26.65,27.15,26.57,26.96,1938989
6/3/2015 16:00,27,27.18,26.86,27.02,1717036
6/4/2015 16:00,26.89,27.03,26.72,26.84,1348337
6/5/2015 16:00,26.82,26.86,26.63,26.67,1388220
6/8/2015 16:00,26.67,26.71,26.31,26.34,1524139
6/9/2015 16:00,26.38,26.46,26.15,26.33,1455266
6/10/2015 16:00,26.47,26.92,26.47,26.83,1814958
6/11/2015 16:00,26.92,26.95,26.65,26.73,1217536
6/12/2015 16:00,26.58,26.66,26.51,26.62,955789
6/15/2015 16:00,26.4,26.42,26.2,26.36,1632702
6/16/2015 16:00,26.42,26.48,26.28,26.41,1071814
6/17/2015 16:00,26.47,26.55,26.26,26.46,1294216
6/18/2015 16:00,26.55,26.91,26.54,26.84,1833109
6/19/2015 16:00,26.86,26.91,26.65,26.83,1893497
6/22/2015 16:00,26.98,27.19,26.88,26.91,1250282
6/23/2015 16:00,26.98,27.07,26.76,27.02,1197450
6/24/2015 16:00,27,27,26.78,26.89,1286608
6/25/2015 16:00,26.94,27.05,26.76,26.76,1335697
6/26/2015 16:00,26.86,26.89,26.57,26.58,2109130
6/29/2015 16:00,26.25,26.43,26.03,26.08,1937821
6/30/2015 16:00,26.3,26.31,26.03,26.03,2235595
7/1/2015 16:00,26.24,26.28,25.91,26.09,1961354
7/2/2015 16:00,26.05,26.23,26.05,26.17,1235903
7/6/2015 16:00,25.98,26.26,25.95,26.14,1280525
7/7/2015 16:00,26.16,26.31,25.76,26.25,1597229
7/8/2015 16:00,26.05,26.14,25.81,25.84,1296699
7/9/2015 16:00,26.16,26.19,26.02,26.03,1842347
7/10/2015 16:00,26.31,26.63,26.28,26.51,1956682
7/13/2015 16:00,26.64,27.36,26.62,27.33,2206475
7/14/2015 16:00,27.34,28.29,27.34,28.06,3244066
7/15/2015 16:00,28.01,28.33,27.84,28.01,1784554
7/16/2015 16:00,28.26,29.03,28.25,28.99,4768318
7/17/2015 16:00,32.45,33.72,32.25,33.65,11164943
7/20/2015 16:00,32.96,33.44,32.65,33.15,5860872
7/21/2015 16:00,32.76,33.65,32.72,33.12,3377196
7/22/2015 16:00,33.04,33.93,32.95,33.1,3929309
7/23/2015 16:00,33.06,33.18,32.05,32.21,3029109
7/24/2015 16:00,32.35,32.41,31.13,31.18,3625747
7/27/2015 16:00,31.05,31.72,31.03,31.36,2675381
7/28/2015 16:00,31.64,31.64,31.17,31.4,1727327
7/29/2015 16:00,31.44,31.67,31.13,31.6,1575069
7/30/2015 16:00,31.5,31.76,31.1,31.63,1474203
7/31/2015 16:00,31.57,31.65,31.28,31.28,1706149
8/3/2015 16:00,31.27,31.65,31.27,31.56,1304511
8/4/2015 16:00,31.42,31.74,31.36,31.46,1490881
8/5/2015 16:00,31.72,32.39,31.66,32.19,2334266
8/6/2015 16:00,32.25,32.27,31.61,32.13,1572600
8/7/2015 16:00,32.01,32.13,31.49,31.77,1403865
8/10/2015 16:00,31.97,32.17,31.56,31.69,1809205
8/11/2015 16:00,33.46,33.74,32.71,33.04,5029203
8/12/2015 16:00,33.15,33.25,32.61,32.98,2940803
8/13/2015 16:00,32.97,33.23,32.58,32.82,1810749
8/14/2015 16:00,32.75,32.99,32.63,32.86,1072061
8/17/2015 16:00,32.84,33.07,32.56,33.04,1051699
8/18/2015 16:00,33.1,33.2,32.67,32.81,1456059
8/19/2015 16:00,32.83,33.35,32.71,33.05,2134098
8/20/2015 16:00,32.77,33.15,32.15,32.34,2855299
8/21/2015 16:00,31.99,32,30.62,30.62,4265183
8/24/2015 16:00,28.65,30.7,28.25,29.48,5770302
8/25/2015 16:00,30.75,30.87,29.06,29.1,3537966
8/26/2015 16:00,30.52,31.59,29.95,31.43,4235891
8/27/2015 16:00,31.97,32.18,31.1,31.88,3491336
8/28/2015 16:00,31.64,31.84,31.23,31.52,1978733
8/31/2015 16:00,31.38,31.79,30.88,30.91,2176737
9/1/2015 16:00,30.12,30.64,29.71,29.89,3702105
9/2/2015 16:00,30.28,30.72,29.99,30.72,2575620
9/3/2015 16:00,30.85,30.99,30.14,30.31,1759572
9/4/2015 16:00,30,30.17,29.76,30.04,2089453
9/8/2015 16:00,30.62,30.82,30.21,30.73,2279538
9/9/2015 16:00,31.06,31.33,30.48,30.64,1702094
9/10/2015 16:00,30.66,31.21,30.57,31.07,1905276
9/11/2015 16:00,30.99,31.29,30.87,31.29,1373545
9/14/2015 16:00,31.29,31.29,30.97,31.16,1702271
9/15/2015 16:00,31.34,31.94,31.19,31.76,2084397
9/16/2015 16:00,31.77,31.9,31.62,31.8,1286454
9/17/2015 16:00,31.89,32.55,31.75,32.15,2274690
9/18/2015 16:00,31.84,32,31.35,31.46,5133386
9/21/2015 16:00,31.72,31.82,31.3,31.77,1788506
9/22/2015 16:00,31.35,31.38,30.77,31.13,2562869
9/23/2015 16:00,31.1,31.45,31,31.12,1470949
9/24/2015 16:00,30.83,31.37,30.62,31.29,2240098
9/25/2015 16:00,31.49,31.49,30.55,30.6,2174009
9/28/2015 16:00,30.52,30.73,29.47,29.74,3127667
9/29/2015 16:00,29.86,30.25,29.51,29.75,2310284
9/30/2015 16:00,30.16,30.44,30.04,30.42,2413441
10/1/2015 16:00,30.42,30.6,29.99,30.56,1867601
10/2/2015 16:00,30.36,31.37,30.16,31.35,2684805
10/5/2015 16:00,31.6,32.15,31.35,32.07,1803643
10/6/2015 16:00,31.94,32.46,31.83,32.27,2236847
10/7/2015 16:00,32.46,32.53,31.61,32.12,2092714
10/8/2015 16:00,32.07,32.22,31.28,31.96,2182081
10/9/2015 16:00,32,32.3,31.77,32.18,1648736
10/12/2015 16:00,32.1,32.42,31.95,32.33,1276134
10/13/2015 16:00,32.16,32.89,32.16,32.62,1807685
10/14/2015 16:00,32.66,32.97,32.44,32.56,1415468
10/15/2015 16:00,32.73,33.16,32.72,33.09,1885737
10/16/2015 16:00,33.21,33.25,32.86,33.11,1611128
10/19/2015 16:00,33.06,33.34,32.98,33.31,1477340
10/20/2015 16:00,33.2,33.24,32.21,32.51,2498215
10/21/2015 16:00,32.71,32.79,32.09,32.13,1794172
10/22/2015 16:00,32.34,32.89,32.2,32.59,4070954
10/23/2015 16:00,36.38,36.5,35.08,35.1,6653923
10/26/2015 16:00,35.08,35.96,35.06,35.64,2716615
10/27/2015 16:00,35.37,35.68,35.23,35.42,2245796
10/28/2015 16:00,35.37,35.65,35.15,35.65,2178917
10/29/2015 16:00,35.53,35.91,35.5,35.85,1455965
10/30/2015 16:00,35.79,35.9,35.5,35.54,1908774
11/2/2015 16:00,35.55,36.08,35.29,36.06,1886250
11/3/2015 16:00,35.94,36.23,35.74,36.11,1565379
11/4/2015 16:00,36.1,36.66,36.1,36.41,1706700
11/5/2015 16:00,36.47,36.97,36.47,36.56,1861550
11/6/2015 16:00,36.58,36.77,36.35,36.69,1511599
11/9/2015 16:00,36.51,36.74,35.97,36.24,2069807
11/10/2015 16:00,36.22,36.53,35.93,36.42,1607994
11/11/2015 16:00,36.62,37.05,36.51,36.77,1366995
11/12/2015 16:00,36.55,36.89,36.43,36.56,1837154
11/13/2015 16:00,36.46,36.56,35.84,35.85,2075504
11/16/2015 16:00,35.78,36.47,35.57,36.45,1905893
11/17/2015 16:00,36.46,36.59,36.15,36.27,1510903
11/18/2015 16:00,36.38,37.07,36.35,37,1684259
11/19/2015 16:00,36.94,37.1,36.87,36.92,1327879
11/20/2015 16:00,37.33,37.9,37.15,37.83,2213284
11/23/2015 16:00,37.87,38.14,37.59,37.8,1415385
11/24/2015 16:00,37.6,37.76,36.88,37.41,2334197
11/25/2015 16:00,37.41,37.6,37.3,37.41,1122224
11/27/2015 16:00,37.42,37.67,37.37,37.51,838528
11/30/2015 16:00,37.44,37.75,37.06,37.13,2097624
12/1/2015 16:00,37.36,38.45,37.34,38.35,2134621
12/2/2015 16:00,38.45,38.8,37.95,38.12,2230373
12/3/2015 16:00,38.3,38.45,37.28,37.63,2590641
12/4/2015 16:00,37.66,38.42,37.5,38.34,2757283
12/7/2015 16:00,38.39,38.44,37.75,38.16,1812314
12/8/2015 16:00,37.89,38.24,37.71,38.12,1829475
12/9/2015 16:00,37.96,38.21,36.85,37.58,2699990
12/10/2015 16:00,37.64,37.79,37.19,37.47,1988380
12/11/2015 16:00,37.06,37.29,36.84,36.94,2224410
12/14/2015 16:00,37.09,37.44,36.21,37.39,2421236
12/15/2015 16:00,37.65,37.9,37.15,37.17,2666229
12/16/2015 16:00,37.5,38.03,36.97,37.9,1993251
12/17/2015 16:00,38.12,38.13,37.45,37.47,1553418
12/18/2015 16:00,37.33,37.71,36.91,36.97,3148743
12/21/2015 16:00,37.31,37.5,37,37.39,1525703
12/22/2015 16:00,37.58,37.74,37.28,37.5,1365520
12/23/2015 16:00,37.67,37.71,37.2,37.52,1566726
12/24/2015 16:00,37.48,37.57,37.33,37.42,527223
12/28/2015 16:00,37.65,38.15,37.48,38.13,1515716
12/29/2015 16:00,38.33,39,38.32,38.83,1765012
12/30/2015 16:00,38.83,38.88,38.35,38.55,1293521
12/31/2015 16:00,38.48,38.48,37.92,37.94,1500923
1/4/2016 16:00,37.15,37.2,36.56,37.09,3272776
1/5/2016 16:00,37.32,37.6,36.93,37.13,1950691
1/6/2016 16:00,36.5,37.36,36.45,37.18,1947034
1/7/2016 16:00,36.52,36.92,35.95,36.32,2963741
1/8/2016 16:00,36.57,36.66,35.65,35.72,2450857
1/11/2016 16:00,35.83,35.94,35.18,35.8,2090621
1/12/2016 16:00,36.08,36.44,35.87,36.3,2024509
1/13/2016 16:00,36.54,36.74,34.93,35.03,2501730
1/14/2016 16:00,35.27,36.1,34.46,35.74,2225768
1/15/2016 16:00,34.61,35.34,34.27,34.72,3608109
1/19/2016 16:00,35.17,35.5,34.67,35.09,2268078
1/20/2016 16:00,34.43,35.34,33.66,34.92,3444962
1/21/2016 16:00,35.11,35.96,34.72,35.33,2412211
1/22/2016 16:00,36.18,36.41,36.01,36.26,2011797
1/25/2016 16:00,36.18,36.48,35.5,35.58,1711716
1/26/2016 16:00,35.69,35.91,35.32,35.65,1331691
1/27/2016 16:00,35.68,35.91,34.72,35,2194227
1/28/2016 16:00,36.11,36.68,35.62,36.55,2676397
1/29/2016 16:00,36.58,37.25,36.34,37.15,3474319
2/1/2016 16:00,37.52,37.89,37.16,37.6,5139157
2/2/2016 16:00,39.23,39.49,38.23,38.23,6348126
2/3/2016 16:00,38.51,38.73,36.03,36.35,6171019
2/4/2016 16:00,36.14,36.35,35.09,35.4,5168709
2/5/2016 16:00,35.19,35.2,34.01,34.18,5105725
2/8/2016 16:00,33.39,34.2,33.15,34.14,4247355
2/9/2016 16:00,33.62,34.99,33.44,33.91,3608914
2/10/2016 16:00,34.34,35.07,34.11,34.21,2638007
2/11/2016 16:00,33.75,34.47,33.44,34.16,3024043
2/12/2016 16:00,34.51,34.69,33.93,34.12,2141373
2/16/2016 16:00,34.65,34.9,34.25,34.55,2520021
2/17/2016 16:00,34.95,35.49,34.57,35.42,2492634
2/18/2016 16:00,35.5,35.62,34.8,34.87,1883248
2/19/2016 16:00,34.75,35.15,34.7,35.05,1589281
2/22/2016 16:00,35.37,35.66,35.13,35.32,1949816
2/23/2016 16:00,35.07,35.42,34.68,34.79,2009280
2/24/2016 16:00,34.45,35,34.04,34.98,1963573
2/25/2016 16:00,35,35.3,34.53,35.29,1642166
2/26/2016 16:00,35.43,35.67,35.04,35.25,2243522
2/29/2016 16:00,35.02,35.54,34.88,34.89,2481145
3/1/2016 16:00,35.18,35.94,34.99,35.94,2151419
3/2/2016 16:00,35.95,36,35.6,35.94,1629003
3/3/2016 16:00,35.93,35.97,35.3,35.62,1957974
3/4/2016 16:00,35.75,35.82,35.3,35.54,1972077
3/7/2016 16:00,35.35,35.4,34.35,34.76,2988026
3/8/2016 16:00,34.43,35.19,34.27,34.7,2076331
3/9/2016 16:00,34.92,35.28,34.7,35.26,1421515
3/10/2016 16:00,35.41,35.82,35.17,35.64,2833525
3/11/2016 16:00,36,36.35,35.86,36.34,1970815
3/14/2016 16:00,36.34,36.78,36.26,36.52,1718252
3/15/2016 16:00,36.35,36.61,36.24,36.42,1720965
3/16/2016 16:00,36.32,36.87,36.23,36.8,1624370
3/17/2016 16:00,36.82,37.15,36.8,36.89,1860834
3/18/2016 16:00,37.09,37.1,36.59,36.88,2980709
3/21/2016 16:00,36.83,37.13,36.68,37.1,1836503
3/22/2016 16:00,36.87,37.25,36.87,37.04,1269749
3/23/2016 16:00,37.12,37.29,36.81,36.9,1432099
3/24/2016 16:00,36.6,36.89,36.55,36.77,1594891
3/28/2016 16:00,36.84,36.95,36.63,36.68,1301327
3/29/2016 16:00,36.73,37.36,36.44,37.24,1903758
3/30/2016 16:00,37.51,37.89,37.44,37.53,1782427
3/31/2016 16:00,37.46,37.54,37.05,37.25,1718798
4/1/2016 16:00,36.93,37.52,36.85,37.5,1576745
4/4/2016 16:00,37.5,37.64,37.12,37.26,1134390
4/5/2016 16:00,36.9,37.14,36.77,36.89,1132294
4/6/2016 16:00,36.79,37.31,36.78,37.28,1053713
4/7/2016 16:00,37.27,37.35,36.81,37.01,1453185
4/8/2016 16:00,37.2,37.27,36.78,36.96,1290787
4/11/2016 16:00,37.15,37.25,36.8,36.81,1220088
4/12/2016 16:00,36.9,37.19,36.55,37.15,1352992
4/13/2016 16:00,37.46,37.72,37.21,37.59,1707641
4/14/2016 16:00,37.7,37.87,37.64,37.66,1135271
4/15/2016 16:00,37.7,38.05,37.63,37.95,1809332
4/18/2016 16:00,38.02,38.4,37.87,38.33,1558848
4/19/2016 16:00,38.48,38.49,37.47,37.7,2030526
4/20/2016 16:00,37.9,37.91,37.5,37.63,1529217
4/21/2016 16:00,37.77,38.02,37.48,37.96,3060490
4/22/2016 16:00,36.32,36.81,35.68,35.94,5951938
4/25/2016 16:00,35.81,36.2,35.78,36.16,1959179
4/26/2016 16:00,36.27,36.29,35.15,35.41,2744587
4/27/2016 16:00,35.36,35.45,34.62,35.29,3098587
4/28/2016 16:00,35.41,35.71,34.48,34.55,2867255
4/29/2016 16:00,34.53,34.88,34.45,34.65,2487673
5/2/2016 16:00,34.88,35.03,34.55,34.91,1645265
5/3/2016 16:00,34.84,34.89,34.6,34.62,1543785
5/4/2016 16:00,34.52,34.99,34.45,34.78,1693525
5/5/2016 16:00,34.89,35.12,34.79,35.07,1683507
5/6/2016 16:00,34.92,35.59,34.91,35.56,1829291
5/9/2016 16:00,35.6,35.94,35.5,35.65,1510289
5/10/2016 16:00,35.84,36.17,35.79,36.16,1569591
5/11/2016 16:00,36.17,36.22,35.64,35.76,1692063
5/12/2016 16:00,35.85,35.96,35.45,35.67,1361332
5/13/2016 16:00,35.6,35.83,35.46,35.54,1314499
5/16/2016 16:00,35.46,35.92,35.28,35.82,1317069
5/17/2016 16:00,35.8,36.08,35.21,35.31,2001225
5/18/2016 16:00,35.18,35.58,35.03,35.33,1766836
5/19/2016 16:00,35.12,35.3,34.84,35.02,1670234
5/20/2016 16:00,35.08,35.73,35.03,35.49,1828387
5/23/2016 16:00,35.33,35.57,35.21,35.21,1330692
5/24/2016 16:00,35.34,36.05,35.34,36,1929467
5/25/2016 16:00,36.04,36.38,35.99,36.26,1632564
5/26/2016 16:00,36.14,36.42,36.01,36.21,1576286
5/27/2016 16:00,36.2,36.7,36.2,36.63,1974962
5/31/2016 16:00,36.59,36.99,36.56,36.79,2129545
6/1/2016 16:00,36.73,36.86,36.53,36.71,1253593
6/2/2016 16:00,36.63,36.65,36.21,36.52,1341807
6/3/2016 16:00,36.46,36.47,36.03,36.12,1226253
6/6/2016 16:00,36.25,36.25,35.73,35.83,1566059
6/7/2016 16:00,35.99,36.1,35.83,35.83,1336754
6/8/2016 16:00,36.2,36.43,36.03,36.41,1583701
6/9/2016 16:00,36.14,36.48,36.12,36.43,988914
6/10/2016 16:00,35.97,36.29,35.82,35.97,1216443
6/13/2016 16:00,35.83,36.27,35.83,35.92,1258930
6/14/2016 16:00,35.82,36.12,35.66,35.91,1306065
6/15/2016 16:00,35.95,36.15,35.87,35.95,1214517
6/16/2016 16:00,35.75,35.83,35.16,35.52,1982471
6/17/2016 16:00,35.43,35.44,34.42,34.59,3402357
6/20/2016 16:00,34.94,35.12,34.67,34.69,2082538
6/21/2016 16:00,34.92,35.14,34.6,34.8,1465634
6/22/2016 16:00,34.95,35.04,34.65,34.87,1184318
6/23/2016 16:00,34.87,35.1,34.35,35.09,2171415
6/24/2016 16:00,33.76,34.47,33.67,33.76,4449022
6/27/2016 16:00,33.55,33.62,33.16,33.41,2641085
6/28/2016 16:00,33.95,34.02,33.65,34,2173762
6/29/2016 16:00,34.15,34.37,34.07,34.21,1932561
6/30/2016 16:00,34.27,34.62,34.18,34.6,1597714
7/1/2016 16:00,34.61,35.03,34.61,34.96,1344710
7/5/2016 16:00,34.8,34.85,34.44,34.72,1462616
7/6/2016 16:00,34.5,35.08,34.45,34.89,1411925
7/7/2016 16:00,34.9,34.91,34.41,34.77,1304200
7/8/2016 16:00,34.98,35.29,34.82,35.28,1575166
7/11/2016 16:00,35.4,35.83,35.36,35.75,1111762
7/12/2016 16:00,35.96,36.15,35.8,36.03,1336921
7/13/2016 16:00,36.18,36.2,35.84,35.85,935876
7/14/2016 16:00,36.08,36.11,35.9,36.05,950193
7/15/2016 16:00,36.29,36.29,35.95,35.99,1279339
7/18/2016 16:00,36.14,36.81,36.06,36.69,1295476
7/19/2016 16:00,36.49,36.85,36.45,36.85,1227486
7/20/2016 16:00,36.87,37.11,36.85,37.06,1289671
7/21/2016 16:00,37.02,37.08,36.79,36.93,1026306
7/22/2016 16:00,37.09,37.16,36.83,37.14,1259823
7/25/2016 16:00,37.03,37.13,36.88,36.99,1032432
7/26/2016 16:00,36.95,37.08,36.71,36.92,1186738
7/27/2016 16:00,36.91,37.22,36.85,37.09,1512517
7/28/2016 16:00,37.35,37.43,36.97,37.3,3530169
7/29/2016 16:00,38.64,38.93,38.34,38.44,3841482
8/1/2016 16:00,38.05,39.02,38.05,38.64,2700470
8/2/2016 16:00,38.43,38.79,38.39,38.55,1784525
8/3/2016 16:00,38.36,38.66,38.34,38.66,1287421
8/4/2016 16:00,38.61,38.7,38.44,38.58,1140254
8/5/2016 16:00,38.69,39.15,38.62,39.11,1801205
8/8/2016 16:00,39.1,39.13,38.9,39.09,1107857
8/9/2016 16:00,39.06,39.45,39.03,39.21,1318894
8/10/2016 16:00,39.19,39.34,39.14,39.23,786363
8/11/2016 16:00,39.25,39.49,39.15,39.24,975113
8/12/2016 16:00,39.08,39.17,39.02,39.16,740498
8/15/2016 16:00,39.19,39.37,39.01,39.12,938186
8/16/2016 16:00,39.02,39.05,38.67,38.86,1028047
8/17/2016 16:00,38.87,39.04,38.68,39,924226
8/18/2016 16:00,39,39.14,38.85,38.88,719429
8/19/2016 16:00,38.75,38.85,38.66,38.77,861546
8/22/2016 16:00,38.66,38.73,38.5,38.61,951362
8/23/2016 16:00,38.77,38.82,38.59,38.6,928232
8/24/2016 16:00,38.53,38.73,38.35,38.48,1071999
8/25/2016 16:00,38.35,38.59,38.16,38.47,926883
8/26/2016 16:00,38.45,38.8,38.29,38.48,1166681
8/29/2016 16:00,38.44,38.75,38.33,38.61,847565
8/30/2016 16:00,38.47,38.72,38.34,38.45,1130029
8/31/2016 16:00,38.35,38.45,38.27,38.35,1248556
9/1/2016 16:00,38.46,38.55,38.22,38.44,925131
9/2/2016 16:00,38.65,38.7,38.42,38.57,1072658
9/6/2016 16:00,38.67,39.1,38.55,39,1442822
9/7/2016 16:00,39,39.14,38.81,39.02,894021
9/8/2016 16:00,38.93,39.02,38.68,38.77,1270264
9/9/2016 16:00,38.51,38.66,37.98,37.98,1885496
9/12/2016 16:00,37.76,38.51,37.7,38.45,1310986
9/13/2016 16:00,38.22,38.31,37.79,37.98,1395046
9/14/2016 16:00,37.98,38.38,37.96,38.12,1094490
9/15/2016 16:00,38.14,38.69,38,38.59,1346751
9/16/2016 16:00,38.49,38.49,38.23,38.44,2049338
9/19/2016 16:00,38.62,38.7,38.22,38.28,1172824
9/20/2016 16:00,38.45,38.67,38.43,38.57,978631
9/21/2016 16:00,38.63,38.86,38.42,38.81,1167810
9/22/2016 16:00,39,39.49,38.92,39.36,1486223
9/23/2016 16:00,39.33,39.45,39.21,39.35,1411937
9/26/2016 16:00,39.14,39.14,38.65,38.71,1533206
9/27/2016 16:00,38.78,39.3,38.72,39.15,1153247
9/28/2016 16:00,38.89,39.09,38.75,39.08,1109834
9/29/2016 16:00,39.07,39.29,38.71,38.75,1314746
9/30/2016 16:00,38.82,39.05,38.7,38.86,1585333
10/3/2016 16:00,38.71,38.8,38.48,38.63,1278821
10/4/2016 16:00,38.8,38.94,38.64,38.82,1201350
10/5/2016 16:00,38.97,39.1,38.78,38.82,1461151
10/6/2016 16:00,38.95,39.02,38.78,38.84,1070692
10/7/2016 16:00,38.98,38.98,38.54,38.75,933158
10/10/2016 16:00,38.89,39.47,38.79,39.3,1174923
10/11/2016 16:00,39.33,39.61,39.03,39.15,1372461
10/12/2016 16:00,39.19,39.41,39.1,39.31,937435
10/13/2016 16:00,39.06,39.06,38.65,38.91,1365277
10/14/2016 16:00,39.08,39.2,38.8,38.93,852487
10/17/2016 16:00,38.99,39.29,38.88,39,1092973
10/18/2016 16:00,39.39,40.08,39.28,39.76,2056903
10/19/2016 16:00,39.94,40.23,39.88,40.08,1766798
10/20/2016 16:00,40.17,40.2,39.8,39.85,1757528
10/21/2016 16:00,39.75,39.98,39.7,39.97,1266181
10/24/2016 16:00,40.24,40.76,40.24,40.66,1697514
10/25/2016 16:00,40.83,40.83,40.26,40.38,1576404
10/26/2016 16:00,40.32,40.35,39.82,39.95,1647733
10/27/2016 16:00,40.05,40.17,39.58,39.77,2749221
10/28/2016 16:00,40.42,40.77,39.68,39.77,4269902
10/31/2016 16:00,39.77,39.84,39.2,39.23,2427284
11/1/2016 16:00,39.14,39.47,38.78,39.18,2406356
11/2/2016 16:00,38.91,39.08,38.17,38.44,1918414
11/3/2016 16:00,38.36,38.5,37.95,38.11,1943175
11/4/2016 16:00,37.53,38.52,37.53,38.1,2134812
11/7/2016 16:00,38.73,39.26,38.63,39.13,1585070
11/8/2016 16:00,39.17,39.78,39.01,39.53,1366873
11/9/2016 16:00,39,39.56,38.58,39.27,2607121
11/10/2016 16:00,39.56,39.56,37.61,38.13,4745183
11/11/2016 16:00,37.83,38.04,37.52,37.7,2431815
11/14/2016 16:00,37.78,37.89,36.38,36.8,3654385
11/15/2016 16:00,37.35,38.22,37.35,37.92,2384001
11/16/2016 16:00,37.76,38.32,37.53,38.22,1472594
11/17/2016 16:00,38.35,38.64,38.21,38.56,1304048
11/18/2016 16:00,38.57,38.75,38,38.03,1547145
11/21/2016 16:00,38.13,38.49,38.03,38.46,1330639
11/22/2016 16:00,38.63,38.85,38.35,38.41,1593108
11/23/2016 16:00,38.39,38.41,37.76,38.05,1478417
11/25/2016 16:00,38.21,38.25,38.03,38.08,587421
11/28/2016 16:00,38,38.98,37.99,38.41,2188151
11/29/2016 16:00,38.58,38.92,38.41,38.54,1616618
11/30/2016 16:00,38.5,38.65,37.74,37.9,2392890
12/1/2016 16:00,37.87,37.99,36.85,37.4,3017947
12/2/2016 16:00,37.23,37.7,37.16,37.53,1452484
12/5/2016 16:00,37.89,38.2,37.65,38.13,1394223
12/6/2016 16:00,38.24,38.44,37.87,37.96,1690689
12/7/2016 16:00,38.05,38.57,37.79,38.56,1760966
12/8/2016 16:00,38.62,38.91,38.36,38.82,1488059
12/9/2016 16:00,39,39.47,38.95,39.46,1821914
12/12/2016 16:00,39.25,39.56,39.22,39.46,2104117
12/13/2016 16:00,39.7,40.22,39.67,39.81,2145209
12/14/2016 16:00,39.87,40.2,39.7,39.85,1704150
12/15/2016 16:00,39.87,40.15,39.65,39.89,1626499
12/16/2016 16:00,40.02,40.04,39.51,39.54,2443796
12/19/2016 16:00,39.51,39.88,39.31,39.71,1232087
12/20/2016 16:00,39.84,39.93,39.66,39.82,951014
12/21/2016 16:00,39.79,39.83,39.35,39.73,1211346
12/22/2016 16:00,39.62,39.67,39.43,39.56,972169
12/23/2016 16:00,39.55,39.64,39.36,39.5,623944
12/27/2016 16:00,39.53,39.89,39.38,39.58,789321
12/28/2016 16:00,39.69,39.71,39.16,39.25,1153824
12/29/2016 16:00,39.17,39.3,38.95,39.14,744272
12/30/2016 16:00,39.14,39.14,38.52,38.59,1769950
1/3/2017 16:00,38.94,39.48,38.79,39.31,1657268
1/4/2017 16:00,39.42,39.57,39.16,39.35,1072958
1/5/2017 16:00,39.3,39.72,39.25,39.7,1335167
1/6/2017 16:00,39.76,40.4,39.61,40.31,1640170
1/9/2017 16:00,40.32,40.5,40.14,40.33,1274645
1/10/2017 16:00,40.39,40.46,40.18,40.24,1176780
1/11/2017 16:00,40.25,40.41,40.07,40.4,1065936
1/12/2017 16:00,40.36,40.37,39.96,40.32,1353057
1/13/2017 16:00,40.37,40.56,40.33,40.39,1099215
1/17/2017 16:00,40.35,40.36,40.02,40.23,1362115
1/18/2017 16:00,40.29,40.31,40.05,40.3,1294407
1/19/2017 16:00,40.26,40.47,40.09,40.11,919325
1/20/2017 16:00,40.35,40.35,40.08,40.25,1670045
1/23/2017 16:00,40.36,41.04,40.19,40.97,1963628
1/24/2017 16:00,41.12,41.3,40.89,41.19,1474010
1/25/2017 16:00,41.48,41.79,41.25,41.78,1627304
1/26/2017 16:00,41.89,41.9,41.35,41.61,2973891
1/27/2017 16:00,41.74,42.1,41.02,41.17,2965771
1/30/2017 16:00,40.73,40.79,39.99,40.12,3246573
1/31/2017 16:00,39.84,40.06,39.53,39.84,2160556
2/1/2017 16:00,39.98,40.06,39.56,39.78,2029744
2/2/2017 16:00,39.69,40.14,39.6,39.93,1532138
2/3/2017 16:00,40.15,40.3,40.02,40.07,1463448
2/6/2017 16:00,39.99,40.08,39.76,40.07,1184483
2/7/2017 16:00,40.2,40.53,40.09,40.35,1241221
2/8/2017 16:00,40.35,40.59,40.16,40.42,1155990
2/9/2017 16:00,40.48,40.53,40.23,40.48,990391
2/10/2017 16:00,40.59,40.76,40.49,40.68,1134976
2/13/2017 16:00,40.8,41.05,40.77,40.96,1213324
2/14/2017 16:00,40.95,41.15,40.8,41.02,1054732
2/15/2017 16:00,40.97,41.15,40.92,40.95,1313617
2/16/2017 16:00,41,41.22,40.95,41.21,1287626
2/17/2017 16:00,41.15,41.4,41.08,41.4,1611039
2/21/2017 16:00,41.43,41.67,41.42,41.58,1262337
2/22/2017 16:00,41.43,41.66,41.43,41.54,987248
2/23/2017 16:00,41.51,41.62,41.14,41.57,1472771
2/24/2017 16:00,41.39,41.45,41.21,41.43,1392202
2/27/2017 16:00,41.23,41.53,41.2,41.46,1101466
2/28/2017 16:00,41.28,41.43,41.01,41.16,2260769
3/1/2017 16:00,41.44,41.81,41.36,41.76,1496540
3/2/2017 16:00,41.69,41.73,41.48,41.53,942476
3/3/2017 16:00,41.53,41.57,41.29,41.45,896378
3/6/2017 16:00,41.35,41.44,41.12,41.39,1109037
3/7/2017 16:00,41.37,41.67,41.33,41.6,1037630
3/8/2017 16:00,41.68,41.91,41.59,41.77,989773
3/9/2017 16:00,41.8,42.1,41.71,41.93,1261517
3/10/2017 16:00,42.16,42.25,41.98,42.16,1704024
3/13/2017 16:00,42.2,42.43,42.16,42.28,1223647
3/14/2017 16:00,42.18,42.36,42.04,42.28,780198
3/15/2017 16:00,42.38,42.43,42.04,42.36,1381474
3/16/2017 16:00,42.45,42.54,42.31,42.44,977560
3/17/2017 16:00,42.58,42.67,42.36,42.61,1716471
3/20/2017 16:00,42.5,42.51,42.26,42.42,1231521
3/21/2017 16:00,42.57,42.68,41.45,41.52,2463484
3/22/2017 16:00,41.6,41.78,41.36,41.48,1401465
3/23/2017 16:00,41.05,41.13,40.61,40.88,3487056
3/24/2017 16:00,41,41.1,40.44,40.72,1981006
3/27/2017 16:00,40.35,41.08,40.17,40.98,1894990
3/28/2017 16:00,41.02,41.3,40.7,41.05,1620542
3/29/2017 16:00,41.25,41.64,41.12,41.57,1786321
3/30/2017 16:00,41.68,41.68,41.45,41.58,1055339
3/31/2017 16:00,41.45,41.58,41.37,41.48,1401893
4/3/2017 16:00,41.46,42.04,41.46,41.93,1671503
4/4/2017 16:00,41.57,41.76,41.45,41.73,1045363
4/5/2017 16:00,41.78,42.12,41.54,41.57,1555328
4/6/2017 16:00,41.62,41.82,41.32,41.39,1254433
4/7/2017 16:00,41.4,41.42,41.03,41.23,1057253
4/10/2017 16:00,41.27,41.47,41.19,41.24,978905
4/11/2017 16:00,41.24,41.37,40.85,41.17,1079732
4/12/2017 16:00,41.1,41.33,41.05,41.22,900480
4/13/2017 16:00,41.11,41.32,41.07,41.18,1122362
4/17/2017 16:00,41.25,41.89,41.22,41.86,895015
4/18/2017 16:00,41.71,41.95,41.64,41.84,836722
4/19/2017 16:00,41.99,42.11,41.81,41.91,954330
4/20/2017 16:00,42.07,42.26,41.97,42.08,959031
4/21/2017 16:00,42.14,42.19,42.03,42.16,1323583
4/24/2017 16:00,42.56,43.17,42.49,43.14,1372541
4/25/2017 16:00,43.25,43.75,43.14,43.62,1671972
4/26/2017 16:00,43.71,43.8,43.39,43.59,1237167
4/27/2017 16:00,43.68,43.77,43.52,43.71,2026816
4/28/2017 16:00,45.53,45.84,45.29,45.3,3276255
5/1/2017 16:00,45.1,45.78,45.07,45.63,2115993
5/2/2017 16:00,45.48,46.04,45.47,45.82,1587219
5/3/2017 16:00,45.74,46.41,45.63,46.35,1499532
5/4/2017 16:00,46.3,46.8,46.23,46.58,1422144
5/5/2017 16:00,46.68,46.75,46.26,46.36,1911275
5/8/2017 16:00,46.31,46.85,46.26,46.72,1329825
5/9/2017 16:00,46.85,46.88,46.48,46.61,1581809
5/10/2017 16:00,46.6,46.6,46.26,46.44,1173925
5/11/2017 16:00,46.27,46.63,46.15,46.53,835386
5/12/2017 16:00,46.58,46.67,46.39,46.61,1050601
5/15/2017 16:00,46.65,46.91,46.47,46.85,1108496
5/16/2017 16:00,47,47.16,46.88,47.15,969479
5/17/2017 16:00,46.78,46.97,45.91,45.98,2362072
5/18/2017 16:00,46.05,46.66,45.94,46.51,1596897
5/19/2017 16:00,46.57,46.89,46.55,46.7,1393024
5/22/2017 16:00,46.75,47.09,46.75,47.09,1120385
5/23/2017 16:00,47.4,47.57,47.13,47.44,1270817
5/24/2017 16:00,47.65,47.75,47.48,47.75,1034199
5/25/2017 16:00,47.87,48.63,47.77,48.48,1660474
5/26/2017 16:00,48.49,48.75,48.25,48.57,1252010
5/30/2017 16:00,48.52,48.81,48.47,48.79,1466654
5/31/2017 16:00,48.75,48.96,48.01,48.24,2448067
6/1/2017 16:00,48.45,48.58,48,48.35,1410458
6/2/2017 16:00,48.47,48.79,48.3,48.78,1750955
6/5/2017 16:00,48.83,49.35,48.76,49.18,1252106
6/6/2017 16:00,49.16,49.41,48.76,48.83,1814624
6/7/2017 16:00,48.98,49.21,48.79,49.05,1453874
6/8/2017 16:00,49.12,49.23,48.86,49.17,1481916
6/9/2017 16:00,49.23,49.23,46.78,47.49,3309389
6/12/2017 16:00,46.98,47.47,45.76,47.15,3763529
6/13/2017 16:00,47.6,48,47.2,47.67,2013337
6/14/2017 16:00,48,48.06,47.11,47.54,1489715
6/15/2017 16:00,46.7,47.17,46.22,47.12,2133050
6/16/2017 16:00,47,47.1,46.58,46.99,3094711
6/19/2017 16:00,47.5,48,47.45,47.87,1533336
6/20/2017 16:00,47.88,48.08,47.5,47.53,1125990
6/21/2017 16:00,47.68,48.01,47.54,47.97,1202233
6/22/2017 16:00,47.94,48.04,47.73,47.85,941958
6/23/2017 16:00,47.84,48.3,47.71,48.28,1527856
6/26/2017 16:00,48.5,48.67,47.54,47.61,1598355
6/27/2017 16:00,47.12,47.41,46.34,46.37,2579930
6/28/2017 16:00,46.45,47.14,45.8,47.02,2721406
6/29/2017 16:00,46.5,46.56,45.53,45.89,3299176
6/30/2017 16:00,46.3,46.3,45.42,45.44,2090226
7/3/2017 16:00,45.61,45.7,44.74,44.94,1710373
7/5/2017 16:00,45.09,45.73,44.93,45.59,1813884
7/6/2017 16:00,45.21,45.75,44.99,45.33,1424503
7/7/2017 16:00,45.44,46.08,45.44,45.93,1637785
7/10/2017 16:00,46.09,46.52,45.98,46.44,1192825
7/11/2017 16:00,46.48,46.57,46.1,46.5,1113235
7/12/2017 16:00,46.93,47.32,46.72,47.19,1532144
7/13/2017 16:00,47.31,47.72,47.15,47.36,1294687
7/14/2017 16:00,47.6,47.85,47.4,47.8,1053774
7/17/2017 16:00,47.85,48.04,47.46,47.67,1165537
7/18/2017 16:00,47.65,48.4,47.53,48.27,1153964
7/19/2017 16:00,48.39,48.65,48.2,48.54,1224540
7/20/2017 16:00,48.75,48.8,48.08,48.41,1624463
7/21/2017 16:00,48.11,48.66,48.01,48.65,1711000
7/24/2017 16:00,48.61,49.31,48.54,49.02,3248347
7/25/2017 16:00,47.69,47.99,47.27,47.54,4660979
7/26/2017 16:00,47.73,47.75,47.11,47.39,2088256
7/27/2017 16:00,47.59,47.59,46,46.7,3212996
7/28/2017 16:00,46.47,47.19,46.38,47.08,1846351
7/31/2017 16:00,47.09,47.18,46.3,46.53,1970095
8/1/2017 16:00,46.62,46.87,46.46,46.54,1277734
8/2/2017 16:00,46.43,46.63,45.83,46.52,1824448
8/3/2017 16:00,46.52,46.61,46.11,46.18,1202512
8/4/2017 16:00,46.34,46.52,46.15,46.4,1082267
8/7/2017 16:00,46.45,46.59,46.33,46.47,1032239
8/8/2017 16:00,46.35,46.79,46.28,46.34,1061579
8/9/2017 16:00,46.03,46.3,45.86,46.15,1192081
8/10/2017 16:00,45.88,45.96,45.31,45.36,1823967
8/11/2017 16:00,45.4,45.89,45.28,45.72,1206782
8/14/2017 16:00,46.13,46.23,45.91,46.13,1064530
8/15/2017 16:00,46.21,46.33,45.99,46.11,883369
8/16/2017 16:00,46.26,46.64,46.17,46.35,1006711
8/17/2017 16:00,46.29,46.34,45.55,45.55,1277238
8/18/2017 16:00,45.52,45.76,45.36,45.53,1342689
8/21/2017 16:00,45.5,45.65,45.17,45.33,943441
8/22/2017 16:00,45.64,46.29,45.57,46.23,1166737
8/23/2017 16:00,46.1,46.5,45.97,46.35,1090248
8/24/2017 16:00,46.43,46.54,45.78,46.06,1270306
8/25/2017 16:00,46.17,46.28,45.78,45.79,1053376
8/28/2017 16:00,45.8,45.96,45.59,45.69,1086484
8/29/2017 16:00,45.26,46.17,45.25,46.06,1185564
8/30/2017 16:00,46,46.54,45.98,46.48,1301225
8/31/2017 16:00,46.59,47.1,46.59,46.97,1582579
9/1/2017 16:00,47.06,47.12,46.76,46.87,947374
9/5/2017 16:00,46.65,46.85,46.1,46.42,1348292
9/6/2017 16:00,46.51,46.55,45.96,46.39,1527650
9/7/2017 16:00,46.59,46.82,46.18,46.8,1212743
9/8/2017 16:00,46.82,46.85,46.24,46.33,1011538
9/11/2017 16:00,46.71,46.92,46.35,46.45,1266991
9/12/2017 16:00,46.63,46.67,46.19,46.6,1134397
9/13/2017 16:00,46.53,46.86,46.49,46.75,1102631
9/14/2017 16:00,46.56,46.64,46.2,46.26,1397644
9/15/2017 16:00,46.23,46.32,45.82,46.01,2505430
9/18/2017 16:00,46,46.1,45.53,45.75,1306922
9/19/2017 16:00,45.87,46.12,45.63,46.09,936654
9/20/2017 16:00,46.15,46.69,46.1,46.58,1669763
9/21/2017 16:00,46.65,46.83,46.19,46.62,1290607
9/22/2017 16:00,46.39,46.74,46.32,46.43,1052704
9/25/2017 16:00,46.27,46.32,45.49,46.05,1856822
9/26/2017 16:00,46.19,46.54,46.06,46.24,1666861
9/27/2017 16:00,46.39,47.5,46.39,47.22,2239441
9/28/2017 16:00,47.07,47.53,47.03,47.48,1020312
9/29/2017 16:00,47.6,47.99,47.58,47.96,1580994
10/2/2017 16:00,48,48.13,47.39,47.66,1283444
10/3/2017 16:00,47.7,47.9,47.46,47.89,888346
10/4/2017 16:00,47.85,48.02,47.53,47.58,952391
10/5/2017 16:00,47.77,48.55,47.76,48.5,1213816
10/6/2017 16:00,48.34,48.97,48.17,48.94,1173882
10/9/2017 16:00,49,49.27,48.81,48.85,891355
10/10/2017 16:00,49,49.08,48.3,48.63,968362
10/11/2017 16:00,48.69,49.54,48.61,49.46,1693274
10/12/2017 16:00,49.37,49.71,49.25,49.39,1262793
10/13/2017 16:00,49.6,49.86,49.45,49.48,1169777
10/16/2017 16:00,49.61,49.7,49.2,49.6,910543
10/17/2017 16:00,49.51,49.82,49.43,49.61,1290186
10/18/2017 16:00,49.59,49.84,49.35,49.64,1057581
10/19/2017 16:00,49.3,49.44,48.92,49.22,1313575
10/20/2017 16:00,49.47,49.55,49.23,49.41,1183186
10/23/2017 16:00,49.48,49.48,48.31,48.42,1478448
10/24/2017 16:00,48.5,48.61,48.05,48.53,1212153
10/25/2017 16:00,48.42,48.8,48.03,48.67,1211262
10/26/2017 16:00,49,49.38,48.61,48.63,2042149
10/27/2017 16:00,50.46,52.42,50.41,50.96,5167689
10/30/2017 16:00,50.7,51.25,50.38,50.86,2085062
10/31/2017 16:00,50.76,51.2,50.52,50.83,1331391
11/1/2017 16:00,50.86,51.48,50.85,51.28,1373444
11/2/2017 16:00,51.09,51.4,50.65,51.28,1048970
11/3/2017 16:00,51.11,51.63,51.02,51.62,1076350
11/6/2017 16:00,51.45,51.74,51.25,51.3,1125185
11/7/2017 16:00,51.36,51.7,51.26,51.67,1112331
11/8/2017 16:00,51.53,52.18,51.42,51.99,1088716
11/9/2017 16:00,51.7,51.7,50.98,51.56,1245246
11/10/2017 16:00,51.32,51.54,51.26,51.4,720676
11/13/2017 16:00,51.17,51.58,51.13,51.29,885779
11/14/2017 16:00,51.13,51.34,50.71,51.3,959222
11/15/2017 16:00,50.96,51.2,50.77,51.05,853992
11/16/2017 16:00,51.13,51.8,51.13,51.63,1129688
11/17/2017 16:00,51.7,51.72,50.89,50.95,1397064
11/20/2017 16:00,51.01,51.13,50.88,50.92,953470
11/21/2017 16:00,51.17,51.76,51.13,51.72,1096999
11/22/2017 16:00,51.75,51.99,51.57,51.8,746878
11/24/2017 13:00,51.79,52.16,51.75,52.03,536996
11/27/2017 16:00,52,52.77,51.92,52.71,1307881
11/28/2017 16:00,52.75,53.12,52,52.37,1424394
11/29/2017 16:00,52.13,52.2,50.78,51.08,2459426
11/30/2017 16:00,51.12,51.42,50.75,51.07,1724031
12/1/2017 16:00,50.79,51.12,50.1,50.51,1909566
12/4/2017 16:00,50.63,50.81,49.78,49.93,1906439
12/5/2017 16:00,49.8,51.03,49.41,50.26,2067318
12/6/2017 16:00,50.08,51.25,50.06,50.92,1271964
12/7/2017 16:00,51.02,51.71,50.9,51.55,1458242
12/8/2017 16:00,51.87,52.1,51.63,51.85,1290774
12/11/2017 16:00,51.78,52.19,51.6,52.06,1192838
12/12/2017 16:00,51.98,52.52,51.68,52.02,1279659
12/13/2017 16:00,52.31,52.33,51.92,52.03,1282677
12/14/2017 16:00,52.25,52.93,52.16,52.46,1558835
12/15/2017 16:00,52.73,53.38,52.48,53.21,3275931
12/18/2017 16:00,53.3,53.92,53.1,53.86,1554552
12/19/2017 16:00,53.76,53.84,53.18,53.53,1338725
12/20/2017 16:00,53.59,53.67,53.08,53.25,1268582
12/21/2017 16:00,53.25,53.47,53.09,53.18,995703
12/22/2017 16:00,53.06,53.21,52.97,53.01,755095
12/26/2017 16:00,52.9,53.01,52.51,52.84,761237
12/27/2017 16:00,52.87,52.92,52.4,52.47,1271911
12/28/2017 16:00,52.58,52.74,52.24,52.41,837121
12/29/2017 16:00,52.34,52.49,52.25,52.32,887511
1/2/2018 16:00,52.42,53.35,52.26,53.25,1237564
1/3/2018 16:00,53.22,54.31,53.16,54.12,1430170
1/4/2018 16:00,54.4,54.68,54.2,54.32,1004605
1/5/2018 16:00,54.7,55.21,54.6,55.11,1279123
1/8/2018 16:00,55.11,55.56,55.08,55.35,1047603
1/9/2018 16:00,55.47,55.53,55.06,55.31,902541
1/10/2018 16:00,54.86,55.23,54.81,55.13,1042793
1/11/2018 16:00,55.32,55.33,54.98,55.28,978292
1/12/2018 16:00,55.12,56.21,55.06,56.11,1720533
1/16/2018 16:00,56.63,57,55.89,56.09,1575261
1/17/2018 16:00,56.31,56.63,55.85,56.6,1202639
1/18/2018 16:00,56.57,56.63,55.88,56.49,1198234
1/19/2018 16:00,56.59,56.89,56.42,56.88,1778229
1/22/2018 16:00,56.87,57.99,56.76,57.79,1617975
1/23/2018 16:00,57.99,58.58,57.94,58.5,1333056
1/24/2018 16:00,58.87,58.99,58.05,58.21,1416625
1/25/2018 16:00,58.63,58.8,58.14,58.52,1480540
1/26/2018 16:00,58.75,58.79,57.91,58.79,2018755
1/29/2018 16:00,58.82,59.34,58.6,58.78,1378913
1/30/2018 16:00,58.39,58.83,58.18,58.18,1556346
1/31/2018 16:00,58.53,58.65,57.96,58.5,1538688
2/1/2018 16:00,58.13,58.7,57.88,58.39,2412114
2/2/2018 16:00,56.1,56.15,55.36,55.6,4857943
2/5/2018 16:00,54.53,55.5,52.6,52.79,3798301
2/6/2018 16:00,51.36,54.09,51.16,54.03,3447956
2/7/2018 16:00,54.08,54.09,52.41,52.43,2369232
2/8/2018 16:00,52.77,52.93,50.03,50.08,2859136
2/9/2018 16:00,50.86,52.2,49.63,51.89,3505862
2/12/2018 16:00,52.4,53.08,52.05,52.6,2057718
2/13/2018 16:00,52.25,52.92,52.2,52.61,1265054
2/14/2018 16:00,52.45,53.59,52.34,53.49,1555787
2/15/2018 16:00,53.95,54.57,53.22,54.48,1843442
2/16/2018 16:00,54.42,55.23,54.42,54.74,1681612
2/20/2018 16:00,54.53,55.7,54.43,55.12,1423145
2/21/2018 16:00,55.32,56.7,55.32,55.57,1512910
2/22/2018 16:00,55.81,56.14,55.13,55.33,1317166
2/23/2018 16:00,55.63,56.36,55.24,56.34,1260968
2/26/2018 16:00,56.39,57.2,56.33,57.19,1559079
2/27/2018 16:00,57.06,57.2,55.9,55.91,1774080
2/28/2018 16:00,56.15,56.38,55.16,55.24,1882600
3/1/2018 16:00,55.39,55.51,53.35,53.48,2515910
3/2/2018 16:00,52.65,54.1,52.41,53.95,2271551
3/5/2018 16:00,53.76,54.86,53.45,54.55,1202174
3/6/2018 16:00,54.96,55.09,54.49,54.75,1532783
3/7/2018 16:00,54.46,55.61,54.27,55.48,1292537
3/8/2018 16:00,55.77,56.38,55.64,56.3,1355125
3/9/2018 16:00,56.8,58.04,56.62,58,2128038
3/12/2018 16:00,58.19,58.85,57.87,58.23,2172272
3/13/2018 16:00,58.5,58.84,56.67,56.91,1907171
3/14/2018 16:00,57.26,57.93,57.07,57.47,1291415
3/15/2018 16:00,57.5,58.05,56.73,57.48,1472226
3/16/2018 16:00,57.71,57.79,56.6,56.79,3091954
3/19/2018 16:00,56,56.1,54.45,54.99,2805937
3/20/2018 16:00,54.95,55.26,54.17,54.89,1831896
3/21/2018 16:00,54.64,55.31,54.26,54.54,1878873
3/22/2018 16:00,54.09,54.15,52.3,52.45,2666964
3/23/2018 16:00,52.35,53.17,51.06,51.08,2156672
3/26/2018 16:00,52.3,52.78,50.42,52.66,2665131
3/27/2018 16:00,53.15,53.24,49.85,50.26,3095315
3/28/2018 16:00,49.9,51.21,49.03,50.23,3369275
3/29/2018 16:00,50.58,52.15,50.15,51.59,2726830
4/2/2018 16:00,51.14,51.74,49.52,50.32,2680400
4/3/2018 16:00,50.7,51.05,49.7,50.67,2275076
4/4/2018 16:00,49.67,51.44,49.65,51.26,2484651
4/5/2018 16:00,52.07,52.14,51.01,51.39,1363049
4/6/2018 16:00,51,51.57,50.15,50.35,1746430
4/9/2018 16:00,50.84,51.98,50.7,50.77,1751559
4/10/2018 16:00,51.32,51.81,50.57,51.58,2029648
4/11/2018 16:00,51.4,51.57,50.79,51,1483881
4/12/2018 16:00,51.25,52.03,51.07,51.63,1359389
4/13/2018 16:00,52.04,52.32,51.15,51.46,1223017
4/16/2018 16:00,51.85,52.16,51.34,51.9,1211208
4/17/2018 16:00,52.57,53.89,52.41,53.71,2320266
4/18/2018 16:00,53.87,53.87,53.31,53.6,1344138
4/19/2018 16:00,53.47,54.71,53.41,54.39,1747671
4/20/2018 16:00,54.1,54.62,53.48,53.65,1889686
4/23/2018 16:00,53.89,54.14,53.04,53.37,2341258
4/24/2018 16:00,52.6,52.85,50.53,51,4760260
4/25/2018 16:00,51.28,51.62,50.77,51.06,2391105
4/26/2018 16:00,51.48,52.4,50.91,52,2079533
4/27/2018 16:00,52.3,52.48,51.28,51.5,1619796
4/30/2018 16:00,51.5,51.85,50.84,50.87,1671254
5/1/2018 16:00,50.68,51.92,50.41,51.87,1427857
5/2/2018 16:00,51.41,52.02,51.14,51.22,1603081
5/3/2018 16:00,50.95,51.48,50.31,51.19,1815058
5/4/2018 16:00,50.85,52.43,50.85,52.41,1938658
5/7/2018 16:00,52.46,53.08,52.36,52.74,1466065
5/8/2018 16:00,52.93,53.03,52.36,52.7,1217721
5/9/2018 16:00,52.91,54.27,52.82,54.14,2032818
5/10/2018 16:00,54.3,55.02,54.28,54.88,1443025
5/11/2018 16:00,54.68,55.07,54.55,54.91,1253665
5/14/2018 16:00,55,55.54,54.96,55.01,1518077
5/15/2018 16:00,54.5,54.5,53.67,53.96,1494872
5/16/2018 16:00,53.87,54.46,53.81,54.09,1097317
5/17/2018 16:00,53.99,54.34,53.68,53.93,1043766
5/18/2018 16:00,53.09,53.5,53.03,53.32,1565240
5/21/2018 16:00,53.7,54.4,53.68,53.98,1023211
5/22/2018 16:00,54.18,54.33,53.33,53.49,1090002
5/23/2018 16:00,53.26,54.04,53.09,53.98,1060683
5/24/2018 16:00,53.95,54.02,53.31,53.96,766773
5/25/2018 16:00,53.95,54.13,53.69,53.78,899406
5/29/2018 16:00,53.24,53.67,52.76,53.02,1865139
5/30/2018 16:00,53.15,53.46,52.84,53.39,1138457
5/31/2018 16:00,53.38,54.86,53.38,54.25,3088305
6/1/2018 16:00,54.97,56,54.93,55.98,2421598
6/4/2018 16:00,56.12,57.09,56.1,56.96,1889579
6/5/2018 16:00,57.05,57.29,56.66,56.98,1677973
6/6/2018 16:00,57.11,57.15,56.29,56.84,1698247
6/7/2018 16:00,56.57,56.79,55.83,56.19,1520020
6/8/2018 16:00,55.91,56.33,55.61,56.04,1290845
6/11/2018 16:00,55.93,56.86,55.93,56.5,1079294
6/12/2018 16:00,56.55,56.99,56.54,56.97,912018
6/13/2018 16:00,57.06,57.33,56.67,56.74,1506407
6/14/2018 16:00,57.19,57.77,57.03,57.61,1350868
6/15/2018 16:00,57.44,57.67,57.17,57.61,2122476
6/18/2018 16:00,57.18,58.72,57.18,58.67,1413692
6/19/2018 16:00,57.93,58.56,57.7,58.4,1621018
6/20/2018 16:00,58.77,59.31,58.46,58.49,1648536
6/21/2018 16:00,58.74,58.86,57.61,57.88,1238118
6/22/2018 16:00,57.96,58.12,57.36,57.77,1310967
6/25/2018 16:00,57.18,57.2,55.64,56.24,2157310
6/26/2018 16:00,56.4,56.66,55.83,55.92,1563225
6/27/2018 16:00,56.07,56.59,55.18,55.2,1293892
6/28/2018 16:00,55.1,56.12,54.8,55.71,1072438
6/29/2018 16:00,56,56.41,55.75,55.78,1315121
7/2/2018 16:00,54.95,56.4,54.69,56.37,1217311
7/3/2018 13:00,56.79,56.79,55,55.14,679034
7/5/2018 16:00,55.53,56.38,55.42,56.21,1066685
7/6/2018 16:00,56.18,57.05,56.04,57.01,996079
7/9/2018 16:00,57.42,57.73,57.17,57.7,908969
7/10/2018 16:00,57.85,57.98,57.48,57.64,798412
7/11/2018 16:00,57.23,58.21,57.05,57.7,1119993
7/12/2018 16:00,57.99,59.22,57.8,59.17,1251884
7/13/2018 16:00,59.25,59.77,59,59.44,1222072
7/16/2018 16:00,59.47,59.55,58.96,59.19,1055662
7/17/2018 16:00,58.61,60.15,58.53,59.94,1610353
7/18/2018 16:00,59.83,60.23,59.52,59.79,1393606
7/19/2018 16:00,59.55,60,59.17,59.35,1276667
7/20/2018 16:00,59.35,59.84,59.21,59.25,1248400
7/23/2018 16:00,59.05,60.32,59.05,60.28,2619234
7/24/2018 16:00,63.13,63.3,61.78,62.4,3318204
7/25/2018 16:00,61.96,63.29,61.96,63.19,2139999
7/26/2018 16:00,62.55,63.49,62.45,63.42,2405638
7/27/2018 16:00,63.55,63.69,61.55,61.93,2130558
7/30/2018 16:00,61.4,61.75,60.57,60.99,1849904
7/31/2018 16:00,61,61.38,60.28,60.86,1644722
8/1/2018 16:00,61.4,61.67,60.51,61,1567264
8/2/2018 16:00,60.3,61.49,60.24,61.31,1531299
8/3/2018 16:00,61.48,61.5,60.75,61.19,1089896
8/6/2018 16:00,61.25,61.3,60.79,61.24,1081723
8/7/2018 16:00,61.85,62.56,61.81,62.11,1493980
8/8/2018 16:00,62.02,62.83,61.9,62.28,1370913
8/9/2018 16:00,62.5,62.78,62.3,62.46,848601
8/10/2018 16:00,62.15,62.28,61.6,61.88,1108919
8/13/2018 16:00,61.85,62.46,61.68,61.75,997346
8/14/2018 16:00,61.76,62.29,61.26,62.11,1348194
8/15/2018 16:00,61.46,61.76,60.48,60.72,1828814
8/16/2018 16:00,61.24,61.3,60.13,60.32,1343161
8/17/2018 16:00,60.1,60.45,59.41,60.05,1389645
8/20/2018 16:00,60.25,60.55,59.73,60.39,870772
8/21/2018 16:00,60.4,60.86,60.02,60.08,1205580
8/22/2018 16:00,60,60.59,59.95,60.37,887389
8/23/2018 16:00,60.36,61.06,60.21,60.27,992604
8/24/2018 16:00,60.44,61.08,60.32,61.03,946840
8/27/2018 16:00,61.38,62.15,61.29,62.09,1156255
8/28/2018 16:00,62.06,62.13,61.43,61.56,1304007
8/29/2018 16:00,61.87,62.53,61.82,62.47,1309312
8/30/2018 16:00,62.21,62.68,61.63,61.96,1331439
8/31/2018 16:00,61.75,61.93,60.56,60.91,1816426
9/4/2018 16:00,60.21,60.65,59.63,59.85,1831045
9/5/2018 16:00,59.69,59.95,58.1,59.32,2061309
9/6/2018 16:00,59.32,59.32,57.6,58.57,1888467
9/7/2018 16:00,57.93,58.76,57.86,58.24,1401404
9/10/2018 16:00,58.61,58.73,58.01,58.23,1115796
9/11/2018 16:00,58.08,58.93,57.81,58.87,1209565
9/12/2018 16:00,58.64,58.93,57.92,58.14,1295472
9/13/2018 16:00,58.54,58.93,58.14,58.77,1431214
9/14/2018 16:00,58.96,59.02,58.42,58.63,943978
9/17/2018 16:00,58.51,58.86,57.7,57.8,1306522
9/18/2018 16:00,57.85,58.8,57.85,58.06,1203686
9/19/2018 16:00,58.25,58.66,57.73,58.55,1191386
9/20/2018 16:00,59,59.49,58.67,59.34,1225387
9/21/2018 16:00,59.6,59.61,58.3,58.3,4405584
9/24/2018 16:00,57.86,58.9,57.35,58.67,1271017
9/25/2018 16:00,58.81,59.34,58.4,59.23,977731
9/26/2018 16:00,59.26,59.71,58.74,59.02,1462253
9/27/2018 16:00,59.34,60.11,59.18,59.73,1260754
9/28/2018 16:00,59.59,59.77,59.23,59.67,1380629
10/1/2018 16:00,59.99,60.5,59.52,59.77,1357604
10/2/2018 16:00,59.55,60.5,59.33,60.01,1687914
10/3/2018 16:00,60.25,60.32,59.69,60.15,1256214
10/4/2018 16:00,59.77,59.88,57.78,58.41,2209490
10/5/2018 16:00,58.38,58.67,57.26,57.87,1184452
10/8/2018 16:00,57.51,58.4,56.37,57.45,1932355
10/9/2018 16:00,57.31,57.72,56.88,56.94,1308764
10/10/2018 16:00,56.55,56.61,54.06,54.06,2675742
10/11/2018 16:00,53.65,55.32,53.41,53.97,2950120
10/12/2018 16:00,55.4,55.75,54.32,55.5,2101303
10/15/2018 16:00,55.45,55.67,54.45,54.61,1372393
10/16/2018 16:00,55.23,56.21,55.13,56.06,1928540
10/17/2018 16:00,56.32,56.45,55.11,55.78,1467226
10/18/2018 16:00,56.09,56.09,53.85,54.4,2094524
10/19/2018 16:00,54.67,55.52,54.39,54.82,1267649
10/22/2018 16:00,55.15,55.61,54.55,55.06,1514220
10/23/2018 16:00,54.04,55.39,53.5,55.18,1848654
10/24/2018 16:00,55.21,55.31,52.44,52.54,1982430
10/25/2018 16:00,53.59,55.55,53.48,54.78,2545839
10/26/2018 16:00,51.85,55.33,51.7,53.57,4187586
10/29/2018 16:00,54.12,54.85,49.79,51,3880723
10/30/2018 16:00,50.42,51.87,50.04,51.81,3212657
10/31/2018 16:00,52.99,54.6,52.85,53.84,2529768
11/1/2018 16:00,53.79,54.2,53.12,53.5,1481979
11/2/2018 16:00,53.69,54.15,52.73,52.89,1839043
11/5/2018 16:00,52.75,52.92,51.06,52,2441430
11/6/2018 16:00,51.97,53.22,51.9,52.79,1233306
11/7/2018 16:00,53.45,54.77,53.3,54.67,2058356
11/8/2018 16:00,54.57,54.66,53.61,54.12,1488182
11/9/2018 16:00,53.7,53.78,52.66,53.31,1343313
11/12/2018 16:00,53.07,53.11,51.55,51.93,1471758
11/13/2018 16:00,52.16,52.83,51.56,51.8,1513702
11/14/2018 16:00,52.5,52.73,51.55,52.18,1565945
11/15/2018 16:00,52.24,53.59,51.59,53.24,1836084
11/16/2018 16:00,52.97,53.35,52.45,53.07,1658116
11/19/2018 16:00,52.86,53.04,50.81,51,1858614
11/20/2018 16:00,50,51.59,49.8,51.29,2449130
11/21/2018 16:00,51.84,52.43,51.67,51.88,1534274
11/23/2018 13:00,51.5,51.88,51.12,51.19,691462
11/26/2018 16:00,51.92,52.47,51.7,52.43,1942822
11/27/2018 16:00,52.05,52.88,51.92,52.22,1803164
11/28/2018 16:00,52.44,54.34,51.79,54.31,2475419
11/29/2018 16:00,53.8,54.71,53.8,54.42,1468859
11/30/2018 16:00,54.45,54.78,53.89,54.72,2580612
12/3/2018 16:00,56.16,56.23,55.18,55.32,1990758
12/4/2018 16:00,55.16,55.22,52.5,52.54,2345166
12/6/2018 16:00,51.71,53.56,51.54,53.44,2769225
12/7/2018 16:00,53,53.76,51.43,51.83,2101206
12/10/2018 16:00,51.75,52.42,51.16,51.98,1807725
12/11/2018 16:00,52.82,53.03,51.99,52.59,1394731
12/12/2018 16:00,53.4,54.08,53.14,53.18,1523804
12/13/2018 16:00,53.4,53.99,52.7,53.1,1329768
12/14/2018 16:00,52.5,53.13,52.04,52.11,1686619
12/17/2018 16:00,51.88,52.66,50.4,50.83,2385364
12/18/2018 16:00,51.3,52.47,51.07,51.44,2192533
12/19/2018 16:00,51.7,53.1,50.4,51.15,2479338
12/20/2018 16:00,50.91,51.71,49.82,50.47,2673464
12/21/2018 16:00,50.77,51.2,48.68,48.98,4595891
12/24/2018 13:00,48.7,50.18,48.51,48.81,1590328
12/26/2018 16:00,49.45,52,49.15,51.97,2373270
12/27/2018 16:00,50.86,52.19,49.85,52.19,2109777
12/28/2018 16:00,52.48,52.78,51.66,51.85,1413772
12/31/2018 16:00,52.55,52.64,51.18,51.78,1493722
1/2/2019 16:00,50.83,52.62,50.79,52.29,1532608
1/3/2019 16:00,52.05,52.85,50.7,50.8,1841066
1/4/2019 16:00,51.63,53.54,51.37,53.54,2093894
1/7/2019 16:00,53.58,53.7,52.74,53.42,1981874
1/8/2019 16:00,53.81,54.23,53.03,53.81,1765267
1/9/2019 16:00,54.08,54.13,53.32,53.73,1199272
1/10/2019 16:00,53.38,53.56,52.89,53.52,1456421
1/11/2019 16:00,53.16,53.19,52.42,52.86,1520756
1/14/2019 16:00,52.35,52.58,52.06,52.23,1144263
1/15/2019 16:00,52.51,54,52.37,53.86,1463570
1/16/2019 16:00,54,54.62,53.97,54.05,1331819
1/17/2019 16:00,53.97,54.59,53.68,54.5,1242664
1/18/2019 16:00,55,55.42,54.55,54.91,1955559
1/22/2019 16:00,54.4,54.58,53.17,53.53,1613527
1/23/2019 16:00,53.87,54.25,52.99,53.78,966956
1/24/2019 16:00,53.82,53.97,53.04,53.7,1361673
1/25/2019 16:00,54.25,54.7,54.09,54.55,1119216
1/28/2019 16:00,54.01,54.15,53.19,53.5,1284281
1/29/2019 16:00,53.63,53.76,52.79,53.03,1021819
1/30/2019 16:00,53.42,54.55,53.34,54.45,1279822
1/31/2019 16:00,55.15,55.87,54.77,55.82,1538324
2/1/2019 16:00,55.62,56.25,55.24,55.54,1462208
2/4/2019 16:00,55.63,56.64,55.45,56.64,2576470
2/5/2019 16:00,56.24,57.34,55.86,57.3,3552194
2/6/2019 16:00,56.98,57.35,55.64,55.76,2105592
2/7/2019 16:00,55.21,55.24,54.3,54.94,2044827
2/8/2019 16:00,54.35,54.95,54.33,54.75,1075769
2/11/2019 16:00,54.85,55.3,54.64,54.75,1065194
2/12/2019 16:00,55.34,56.26,55.29,56.07,1609513
2/13/2019 16:00,56.25,56.74,55.93,56.01,1049781
2/14/2019 16:00,55.9,56.41,55.52,56.08,947632
2/15/2019 16:00,56.5,56.58,55.53,55.68,1449830
2/19/2019 16:00,55.5,56.09,55.5,55.93,1046628
2/20/2019 16:00,56,56.17,55.26,55.69,1087817
2/21/2019 16:00,55.54,55.6,54.63,54.85,1415473
2/22/2019 16:00,55.05,55.56,54.78,55.52,1049545
2/25/2019 16:00,55.8,55.93,55.36,55.47,1413061
2/26/2019 16:00,55.29,55.98,55,55.76,1471743
2/27/2019 16:00,55.35,55.9,55.05,55.8,968760
2/28/2019 16:00,55.57,56.38,55.55,56,1542609
3/1/2019 16:00,56.25,57.15,56.24,57.05,1450316
3/4/2019 16:00,57.35,57.91,56.53,57.39,1446047
3/5/2019 16:00,57.5,58.48,57.31,58.1,1443174
3/6/2019 16:00,58.12,58.38,57.77,57.89,1099289
3/7/2019 16:00,57.79,57.84,56.75,57.17,1166559
3/8/2019 16:00,56.34,57.35,56.17,57.12,1212489
3/11/2019 16:00,57.22,58.81,57.22,58.79,1719192
3/12/2019 16:00,58.91,60,58.91,59.66,2013115
3/13/2019 16:00,60.03,60.05,59.6,59.67,1435936
3/14/2019 16:00,59.73,59.89,59.22,59.28,1172815
3/15/2019 16:00,59.67,59.83,59.13,59.22,2459957
3/18/2019 16:00,59.17,59.5,58.87,59.21,1292633
3/19/2019 16:00,59.44,60,59.29,59.94,1520688
3/20/2019 16:00,59.87,61.36,59.81,61.2,2227786
3/21/2019 16:00,60.8,61.59,60.66,61.58,1204045
3/22/2019 16:00,61.32,61.5,60.14,60.28,1714247
3/25/2019 16:00,59.85,60.32,59.35,59.65,1496843
3/26/2019 16:00,59.93,60.14,58.84,59.23,1901156
3/27/2019 16:00,59.28,59.38,57.97,58.65,1400240
3/28/2019 16:00,58.58,58.58,57.97,58.42,1012430
3/29/2019 16:00,58.75,58.95,58.14,58.67,1269979
4/1/2019 16:00,59.21,59.83,59.1,59.72,1252757
4/2/2019 16:00,59.77,60.07,59.29,60.02,827973
4/3/2019 16:00,60.37,60.82,60.03,60.3,1017838
4/4/2019 16:00,60.3,60.78,60.21,60.75,950747
4/5/2019 16:00,60.75,60.81,60.25,60.36,907152
4/8/2019 16:00,60.39,60.43,59.99,60.19,860363
4/9/2019 16:00,59.8,60.11,59.65,59.86,876381
4/10/2019 16:00,60.03,60.19,59.82,60.11,724643
4/11/2019 16:00,60.2,60.4,60.01,60.23,710231
4/12/2019 16:00,60.5,60.92,60.41,60.89,933794
4/15/2019 16:00,60.9,61.21,60.46,61.06,1187519
4/16/2019 16:00,61.25,61.54,61.01,61.36,856304
4/17/2019 16:00,61.65,62.03,61.39,61.82,1221930
4/18/2019 16:00,61.96,62.1,61.73,61.82,1331823
4/22/2019 16:00,61.8,62.45,61.42,62.44,807334
4/23/2019 16:00,62.53,63.45,62.32,63.23,1319910
4/24/2019 16:00,63.21,63.4,62.75,62.8,1018753
4/25/2019 16:00,63.24,63.37,62.6,63.17,1107295
4/26/2019 16:00,63.45,63.65,63.02,63.61,1241428
4/29/2019 16:00,63.7,64.46,63.31,64.38,2499432
4/30/2019 16:00,59.25,59.64,58.75,59.42,6207027
5/1/2019 16:00,59.4,59.4,58.36,58.4,2642983
5/2/2019 16:00,58.39,58.71,57.75,58.13,1944817
5/3/2019 16:00,58.68,59.34,58.45,59.27,1980653
5/6/2019 16:00,58.31,59.54,58.31,59.47,1563943
5/7/2019 16:00,59.02,59.52,58.05,58.71,1551368
5/8/2019 16:00,58.6,59.02,58.29,58.31,1309514
5/9/2019 16:00,57.95,58.48,57.54,58.12,1185973
5/10/2019 16:00,58.18,58.63,57.13,58.21,1314546
5/13/2019 16:00,57.1,57.4,56.11,56.6,1860648
5/14/2019 16:00,56.86,57.02,55.98,56.02,1836604
5/15/2019 16:00,55.89,58.57,55.83,58.21,2289302
5/16/2019 16:00,58.23,59.41,58.14,58.95,1531404
5/17/2019 16:00,58.42,59.01,58,58.12,1208623
5/20/2019 16:00,57.23,57.34,56.57,56.94,1353292
5/21/2019 16:00,57.42,57.64,56.9,57.48,1160158
5/22/2019 16:00,57.34,57.93,57.29,57.57,914839
5/23/2019 16:00,57.03,57.3,56.46,57.04,1199300
5/24/2019 16:00,57.37,57.49,56.58,56.67,1112341
5/28/2019 16:00,56.7,57.58,56.66,56.71,1365166
5/29/2019 16:00,56.38,56.46,55.41,55.82,1538212
5/30/2019 16:00,55.78,56.16,55.61,55.9,951873
5/31/2019 16:00,55.06,55.48,55.01,55.18,1508203
6/3/2019 16:00,53.28,53.28,51.25,51.81,5130576
6/4/2019 16:00,52.15,52.8,51.68,52.65,2833483
6/5/2019 16:00,52.58,52.68,51.52,52.11,2168439
6/6/2019 16:00,52.25,52.37,51.69,52.22,1703244
6/7/2019 16:00,52.53,53.55,52.42,53.3,1802370
6/10/2019 16:00,53.65,54.63,53.62,54.02,1464248
6/11/2019 16:00,54.7,55.1,53.88,53.94,1437063
6/12/2019 16:00,53.9,54.05,53.38,53.85,1061255
6/13/2019 16:00,54.18,54.71,54.01,54.44,1058000
6/14/2019 16:00,54.32,54.63,54.01,54.27,1111643
6/17/2019 16:00,54.31,54.96,54.31,54.63,941602
6/18/2019 16:00,55.48,55.82,54.95,55.18,1386684
6/19/2019 16:00,55.28,55.35,54.67,55.12,1339218
6/20/2019 16:00,56,56.01,55.24,55.57,1262011
6/21/2019 16:00,55.46,56.21,55.4,56.09,1947591
6/24/2019 16:00,55.98,56.1,55.55,55.78,1395696
6/25/2019 16:00,55.63,55.72,54.19,54.32,1546913
6/26/2019 16:00,54.33,54.65,53.61,53.99,1810869
6/27/2019 16:00,54.2,54.36,53.76,53.8,1004477
6/28/2019 16:00,53.82,54.05,53.67,54.05,1693450
7/1/2019 16:00,54.9,55.38,54.69,54.9,1438504
7/2/2019 16:00,55.11,55.59,54.91,55.56,991755
7/3/2019 13:00,55.87,56.34,55.69,56.08,767011
7/5/2019 16:00,55.89,56.64,55.81,56.58,1264540
7/8/2019 16:00,56.26,56.3,55.56,55.82,1236419
7/9/2019 16:00,55.59,56.4,55.36,56.24,1330370
7/10/2019 16:00,56.56,57.1,56.55,57.02,1209466
7/11/2019 16:00,57.16,57.65,56.98,57.21,1195569
7/12/2019 16:00,57.2,57.37,56.94,57.25,863973
7/15/2019 16:00,57.34,57.54,56.97,57.52,903780
7/16/2019 16:00,57.3,57.93,57.25,57.68,1238807
7/17/2019 16:00,57.55,57.92,57.29,57.32,1170047
7/18/2019 16:00,57.09,57.38,56.64,57.32,1291281
7/19/2019 16:00,57.41,57.56,56.48,56.51,1647245
7/22/2019 16:00,56.67,56.96,56.21,56.9,1301846
7/23/2019 16:00,57.2,57.35,56.59,57.31,1093688
7/24/2019 16:00,56.6,57.2,56.35,56.89,1590101
7/25/2019 16:00,56.89,57.09,56.05,56.61,2209823
7/26/2019 16:00,61.2,63.28,61.2,62.52,4805752
7/29/2019 16:00,62.05,62.37,61.41,61.97,2223731
7/30/2019 16:00,61.27,61.74,61.17,61.26,1453263
7/31/2019 16:00,61.15,61.7,60.39,60.83,1725454
8/1/2019 16:00,60.7,61.71,60.29,60.45,1698510
8/2/2019 16:00,60.04,60.35,59.45,59.7,1645067
8/5/2019 16:00,58.5,58.76,57.01,57.62,2597455
8/6/2019 16:00,58.17,59,58,58.5,1709374
8/7/2019 16:00,57.8,58.92,57.48,58.7,1444324
8/8/2019 16:00,59.14,60.25,58.65,60.24,1467997
8/9/2019 16:00,59.9,60.19,59.18,59.4,1065658
8/12/2019 16:00,58.96,59.25,58.38,58.74,1003187
8/13/2019 16:00,58.57,60.24,58.57,59.86,1318009
8/14/2019 16:00,58.82,59.12,58.03,58.21,1578668
8/15/2019 16:00,58.18,58.79,58.11,58.36,1224739
8/16/2019 16:00,58.98,59.14,58.59,58.88,1349436
8/19/2019 16:00,59.5,60.35,59.5,59.92,1232517
8/20/2019 16:00,59.76,59.8,59.11,59.13,915605
8/21/2019 16:00,59.66,59.95,59.37,59.56,741053
8/22/2019 16:00,59.7,59.9,58.93,59.48,947906
8/23/2019 16:00,59.1,59.7,57.39,57.56,1688271
8/26/2019 16:00,57.86,58.47,57.65,58.44,1226441
8/27/2019 16:00,59.03,59.12,58.07,58.39,1077452
8/28/2019 16:00,58.09,58.82,57.87,58.55,802243
8/29/2019 16:00,59.06,59.8,59.06,59.64,1088858
8/30/2019 16:00,59.93,59.93,59.19,59.41,1129959
9/3/2019 16:00,58.85,59.34,58.16,58.42,1480420
9/4/2019 16:00,58.84,59.17,58.55,59.07,1068968
9/5/2019 16:00,59.58,60.65,59.58,60.57,1408601
9/6/2019 16:00,60.41,60.6,60.13,60.25,1072143
9/9/2019 16:00,60.2,61,59.63,60.22,1471880
9/10/2019 16:00,59.76,60.5,59.73,60.3,1260115
9/11/2019 16:00,60.17,61.13,60.11,61.01,1307033
9/12/2019 16:00,61.22,62.09,61.15,61.71,1725908
9/13/2019 16:00,61.57,62.04,61.35,61.98,1301350
9/16/2019 16:00,61.48,61.98,61.28,61.57,1053299
9/17/2019 16:00,61.52,61.75,61.18,61.46,958112
9/18/2019 16:00,61.38,61.78,60.83,61.62,1144333
9/19/2019 16:00,61.6,62.22,61.6,61.94,1000155
9/20/2019 16:00,61.66,62.17,61.15,61.5,2337269
9/23/2019 16:00,61.3,61.95,61.21,61.7,1075253
9/24/2019 16:00,62,62.34,60.53,60.94,1591786
9/25/2019 16:00,60.79,62.42,60.5,62.33,1593875
9/26/2019 16:00,62.1,62.25,61.61,62.07,1561882
9/27/2019 16:00,62.15,62.2,60.72,61.25,1354432
9/30/2019 16:00,61.05,61.3,60.62,60.95,1419676
10/1/2019 16:00,60.95,61.56,60.18,60.26,1358279
10/2/2019 16:00,59.85,59.85,58.56,58.83,1639237
10/3/2019 16:00,59,59.45,58.12,59.39,1663656
10/4/2019 16:00,59.59,60.57,59.46,60.45,1183264
10/7/2019 16:00,60.22,60.91,60.19,60.38,867149
10/8/2019 16:00,59.88,60.3,59.45,59.46,1141784
10/9/2019 16:00,59.97,60.42,59.88,60.12,876632
10/10/2019 16:00,59.93,60.75,59.87,60.43,932531
10/11/2019 16:00,61.11,61.42,60.69,60.77,1277144
10/14/2019 16:00,60.62,61.32,60.59,60.86,882039
10/15/2019 16:00,61.02,62.37,61.02,62.15,1395259
10/16/2019 16:00,62.06,62.74,61.92,62.18,1168174
10/17/2019 16:00,62.55,63.17,62.5,62.65,980510
10/18/2019 16:00,62.67,62.94,62.05,62.27,1352839
10/21/2019 16:00,62.61,62.73,62.03,62.31,1038042
10/22/2019 16:00,62.39,62.53,62.07,62.14,1047851
10/23/2019 16:00,62.12,62.99,62.12,62.96,928595
10/24/2019 16:00,63.05,63.2,62.69,63.05,1039868
10/25/2019 16:00,62.55,63.48,62.5,63.26,1213051
10/28/2019 16:00,63.77,64.97,63.63,64.5,2613237
10/29/2019 16:00,63.81,64.08,62.86,63.13,1886380
10/30/2019 16:00,62.65,63.47,62.6,63.06,1408851
10/31/2019 16:00,63.06,63.38,62.54,63.01,1455651
11/1/2019 16:00,63.25,63.73,63.03,63.69,1670072
11/4/2019 16:00,63.82,64.71,63.82,64.57,1500964
11/5/2019 16:00,64.64,64.95,64.56,64.6,1282711
11/6/2019 16:00,64.47,64.69,64.13,64.59,1152977
11/7/2019 16:00,64.71,66.19,64.71,65.44,2029970
11/8/2019 16:00,65.26,65.9,65.22,65.57,1251916
11/11/2019 16:00,65.16,65.32,64.87,64.96,1012429
11/12/2019 16:00,65,65.5,64.79,64.94,1085859
11/13/2019 16:00,64.7,65.22,64.68,64.9,853861
11/14/2019 16:00,64.88,65.85,64.78,65.57,1194305
11/15/2019 16:00,65.95,66.74,65.71,66.74,1782955
11/18/2019 16:00,66.61,66.78,65.88,66.04,1488083
11/19/2019 16:00,66.39,66.39,65.64,65.77,1269372
11/20/2019 16:00,65.59,65.75,64.56,65.15,1309835
11/21/2019 16:00,65.07,65.63,64.65,65.07,995499
11/22/2019 16:00,65.28,65.44,64.57,64.77,1386506
11/25/2019 16:00,64.96,65.57,64.91,65.33,1036487
11/26/2019 16:00,65.49,65.74,65.25,65.68,1069795
11/27/2019 16:00,65.75,65.92,65.48,65.65,996329
11/29/2019 13:00,65.36,65.51,65.2,65.25,586981
12/2/2019 16:00,65.05,65.29,64.05,64.5,1511851
12/3/2019 16:00,63.98,64.92,63.95,64.76,1268647
12/4/2019 16:00,65.35,66.29,65.24,66.03,1538110
12/5/2019 16:00,66.4,66.47,65.82,66.41,1212818
12/6/2019 16:00,66.67,67.2,66.67,67.03,1315510
12/9/2019 16:00,66.9,67.97,66.89,67.18,1355795
12/10/2019 16:00,67.08,67.5,66.8,67.23,1094653
12/11/2019 16:00,67.54,67.56,67.13,67.25,850796
12/12/2019 16:00,67.3,67.79,67.03,67.51,1281722
12/13/2019 16:00,67.4,67.65,67.19,67.39,1550028
12/16/2019 16:00,67.83,68.23,67.63,68.06,1397451
12/17/2019 16:00,68.14,68.25,67.57,67.76,1855259
12/18/2019 16:00,67.83,68.02,67.55,67.63,1656695
12/19/2019 16:00,67.59,67.91,67.45,67.8,1470112
12/20/2019 16:00,68.17,68.18,67.45,67.48,3316905
12/23/2019 16:00,67.79,67.99,67.33,67.44,883200
12/24/2019 13:00,67.43,67.51,67.14,67.18,347518
12/26/2019 16:00,67.31,68.07,67.22,68.02,667754
12/27/2019 16:00,68.15,68.23,67.47,67.59,1038718
12/30/2019 16:00,67.5,67.65,66.7,66.81,1051323
12/31/2019 16:00,66.51,66.9,66.45,66.85,962468
1/2/2020 16:00,67.08,68.41,67.08,68.37,1406731
1/3/2020 16:00,67.39,68.63,67.28,68.03,1187006
1/6/2020 16:00,67.5,69.83,67.5,69.71,1733149
1/7/2020 16:00,69.9,70.15,69.52,69.67,1511693
1/8/2020 16:00,69.6,70.58,69.54,70.22,1529177
1/9/2020 16:00,71.03,71.37,70.51,70.99,1502664
1/10/2020 16:00,71.38,71.75,70.92,71.49,1821566
1/13/2020 16:00,71.81,72.03,71.3,71.96,1653482
1/14/2020 16:00,71.95,72.09,71.42,71.54,1560453
1/15/2020 16:00,71.51,72.07,71.51,71.96,1282685
1/16/2020 16:00,72.37,72.6,72.05,72.58,1173688
1/17/2020 16:00,73.15,74.06,72.91,74.02,2396215
1/21/2020 16:00,73.96,74.59,73.56,74.22,2036780
1/22/2020 16:00,74.55,75.16,74.25,74.3,1610846
1/23/2020 16:00,74.38,74.78,74.11,74.33,1351354
1/24/2020 16:00,74.68,74.77,73.26,73.34,1784644
1/27/2020 16:00,71.55,71.9,71.06,71.69,1755201
1/28/2020 16:00,72.15,72.8,71.62,72.63,1577422
1/29/2020 16:00,72.94,73.27,72.34,72.93,1078667
1/30/2020 16:00,72,72.86,71.82,72.79,1339421
1/31/2020 16:00,73.44,73.51,71.43,71.71,2417214
2/3/2020 16:00,73.1,74.5,72.95,74.3,3055216
2/4/2020 16:00,72.85,73.47,71.32,72.35,3932954
2/5/2020 16:00,73.12,73.19,71.53,72.41,1986157
2/6/2020 16:00,72.52,74.1,72.48,73.81,1679384
2/7/2020 16:00,73.36,74.29,73.32,73.96,1172270
2/10/2020 16:00,73.72,75.47,73.72,75.43,1419876
2/11/2020 16:00,75.59,76.48,75.28,75.44,1344633
2/12/2020 16:00,75.72,76.03,75.41,75.91,1167565
2/13/2020 16:00,75.63,76.36,75.23,75.73,929730
2/14/2020 16:00,75.78,76.04,75.37,76.04,1197836
2/18/2020 16:00,75.75,76.58,75.63,75.98,1121140
2/19/2020 16:00,76.25,76.61,76.07,76.33,949268
2/20/2020 16:00,76.1,76.48,75.34,75.91,1096552
2/21/2020 16:00,75.4,75.61,74.02,74.26,1732273
2/24/2020 16:00,71.31,71.85,70.57,71.08,2867053
2/25/2020 16:00,71.65,71.91,69.12,69.42,2478278
2/26/2020 16:00,69.81,70.79,68.95,69.66,2204037
2/27/2020 16:00,68.1,68.59,65.86,65.9,2978300
2/28/2020 16:00,63.88,67.06,63.55,66.97,3790618
3/2/2020 16:00,67.58,69.54,66.34,69.46,2431468
3/3/2020 16:00,69.97,70.51,66.6,67.07,2402326
3/4/2020 16:00,67.96,69.4,67.16,69.33,1913315
3/5/2020 16:00,67.51,67.95,65.26,65.95,2561288
3/6/2020 16:00,63.85,65.31,63.05,64.92,2660628
3/9/2020 16:00,60.27,62.74,60,60.78,3365365
3/10/2020 16:00,63,64.06,60.94,64.02,2611373
3/11/2020 16:00,62.49,63.05,59.8,60.77,2611229
3/12/2020 16:00,56.3,59.69,55.67,55.75,4226748
3/13/2020 16:00,58.95,60.99,55.86,60.99,3700125
3/16/2020 16:00,54.8,57.61,53.72,54.22,4252365
3/17/2020 16:00,54.66,56.54,52.8,55.99,3861489
3/18/2020 16:00,52.83,55.33,51.86,54.84,4233435
3/19/2020 16:00,54.65,57.9,53.01,55.76,3651106
3/20/2020 16:00,56.79,57.2,53.27,53.62,3601750
3/23/2020 16:00,53.07,53.57,50.68,52.83,4044137
3/24/2020 16:00,55.19,56.75,54.53,56.72,3344450
3/25/2020 16:00,56.32,57.45,54.3,55.12,4081528
3/26/2020 16:00,55.59,58.5,54.68,58.09,3573755
3/27/2020 16:00,56.28,57.53,55.3,55.54,3208495
3/30/2020 16:00,56.25,57.58,54.82,57.34,2574061
3/31/2020 16:00,57.37,58.77,56.91,58.14,2487983
4/1/2020 16:00,56.1,56.48,54.87,55.28,2344173
4/2/2020 16:00,54.91,56.34,54.82,56.04,1964881
4/3/2020 16:00,55.95,56.18,53.99,54.89,2313400
4/6/2020 16:00,56.9,59.73,56.55,59.35,2664723
4/7/2020 16:00,61.05,61.25,59.11,59.33,2387329
4/8/2020 16:00,60.33,60.95,59.41,60.51,1975135
4/9/2020 16:00,61.2,61.28,59.84,60.57,2175421
4/13/2020 16:00,60.46,61.03,59.38,60.88,1739828
4/14/2020 16:00,62.25,64.1,61.85,63.46,2470353
4/15/2020 16:00,62.28,64.02,62.02,63.12,1671703
4/16/2020 16:00,63.71,63.95,62.13,63.17,2518099
4/17/2020 16:00,64.24,64.72,63.56,64.16,1949042
4/20/2020 16:00,63.55,64.08,63.07,63.33,1695488
4/21/2020 16:00,62.35,62.71,60.49,60.82,2153003
4/22/2020 16:00,62.28,64.28,62.1,63.16,2093140
4/23/2020 16:00,63.58,64.67,63.28,63.82,1566203
4/24/2020 16:00,63.06,64.02,62.47,63.97,1640394
4/27/2020 16:00,64.8,64.81,63.45,63.79,1600563
4/28/2020 16:00,64.4,64.4,61.61,61.68,2951309
4/29/2020 16:00,67.07,68,66.27,67.07,3793630
4/30/2020 16:00,66.24,67.64,66.12,67.43,2668906
5/1/2020 16:00,66.43,67.6,65.55,66.03,2072639
5/4/2020 16:00,65.41,66.38,64.95,66.34,1504017
5/5/2020 16:00,66.9,68.7,66.87,67.56,1651533
5/6/2020 16:00,68.08,68.56,67.36,67.36,1215423
5/7/2020 16:00,68.3,68.88,67.76,68.63,1399759
5/8/2020 16:00,69.16,69.94,68.77,69.42,1388068
5/11/2020 16:00,68.91,70.83,68.86,70.16,1412116
5/12/2020 16:00,70.36,70.75,68.74,68.79,1390600
5/13/2020 16:00,68.85,69.27,66.42,67.47,1812585
5/14/2020 16:00,66.75,67.87,66.2,67.81,1603077
5/15/2020 16:00,67.5,68.72,66.95,68.66,1707747
5/18/2020 16:00,68.09,69.62,67.71,69.2,1823964
5/19/2020 16:00,69.35,69.6,68.67,68.67,1280649
5/20/2020 16:00,69.48,70.52,69.36,70.34,1655375
5/21/2020 16:00,70.4,70.77,69.67,70.14,1385194
5/22/2020 16:00,69.84,70.64,69.59,70.52,1309408
5/26/2020 16:00,71.86,72.05,70.61,70.85,2060643
5/27/2020 16:00,70.86,71.09,69.56,70.89,1686142
5/28/2020 16:00,69.84,72.04,69.8,70.84,1693976
5/29/2020 16:00,70.85,71.63,70.67,71.45,1838059
6/1/2020 16:00,70.92,71.9,70.9,71.59,1217140
6/2/2020 16:00,71.53,71.98,70.94,71.96,1278128
6/3/2020 16:00,71.92,72.33,71.49,71.82,1256186
6/4/2020 16:00,71.52,71.95,70.24,70.61,1484272
6/5/2020 16:00,70.66,72.25,70.3,71.92,1735244
6/8/2020 16:00,71.12,72.4,71.12,72.33,1404178
6/9/2020 16:00,72.27,73.4,72.16,72.81,1409249
6/10/2020 16:00,72.98,73.71,72.81,73.29,1525153
6/11/2020 16:00,72.12,72.72,70.1,70.19,1991332
6/12/2020 16:00,71.42,71.85,69.3,70.66,1946367
6/15/2020 16:00,69.54,71.24,69.4,70.99,1506096
6/16/2020 16:00,72.26,72.75,71.3,72.14,1711614
6/17/2020 16:00,72.36,73,71.57,72.56,1549615
6/18/2020 16:00,72.46,72.57,71.35,71.8,1581916
6/19/2020 16:00,72.2,72.39,71.07,71.59,3157875
6/22/2020 16:00,71.45,72.64,71.16,72.59,1542440
6/23/2020 16:00,72.78,73.8,72.26,73.22,1429764
6/24/2020 16:00,73.08,73.77,71.49,71.6,1756022
6/25/2020 16:00,71.5,72.15,71,72.07,1230474
6/26/2020 16:00,71.57,71.67,67.6,68,4267698
6/29/2020 16:00,67.91,69.78,67.35,69.75,1810180
6/30/2020 16:00,69.52,70.93,69.2,70.68,2042381
7/1/2020 16:00,70.56,72.15,70.49,71.9,1775167
7/2/2020 16:00,72.35,74.15,72.32,73.24,1859480
7/6/2020 16:00,74,75.33,73.64,74.79,1563997
7/7/2020 16:00,74.5,75.84,74.18,74.26,1458172
7/8/2020 16:00,74.72,75.29,74.28,74.8,1249658
7/9/2020 16:00,75.32,76.14,74.4,75.55,1423322
7/10/2020 16:00,75.31,77.19,74.83,77.09,1856704
7/13/2020 16:00,77.5,78.86,75.26,75.57,1846424
7/14/2020 16:00,74.52,76.15,74.18,76.03,1585016
7/15/2020 16:00,76.16,76.77,74.9,75.68,1610684
7/16/2020 16:00,75,75.93,74.32,75.9,1519345
7/17/2020 16:00,76.08,76.17,74.92,75.78,1457010
7/20/2020 16:00,75.76,78.51,75.18,78.29,1557252
7/21/2020 16:00,79.35,79.35,77.71,77.92,1218645
7/22/2020 16:00,78.03,78.5,77.31,78.42,931985
7/23/2020 16:00,78.35,78.59,75.37,75.78,1627634
7/24/2020 16:00,74.95,75.88,74.42,75.59,1544404
7/27/2020 16:00,75.78,77.05,75.76,76.51,1245980
7/28/2020 16:00,76.26,76.32,74.88,75.02,1702174
7/29/2020 16:00,75.32,76.56,75.07,76.1,1106534
7/30/2020 16:00,74.85,76.89,74.61,76.57,1671396
7/31/2020 16:00,75.25,75.45,72.7,74.15,3429036
8/3/2020 16:00,74.33,74.52,73.28,73.72,2331514
8/4/2020 16:00,73.83,74.28,72.93,73.25,1903489
8/5/2020 16:00,73.47,74.12,73.17,73.68,1979957
8/6/2020 16:00,73.59,75.12,73.3,75.01,1995368
8/7/2020 16:00,75,75.84,74.08,74.72,1577826
8/10/2020 16:00,74.36,75.2,73.65,74.81,1289530
8/11/2020 16:00,74.62,75.5,73.9,74.02,1454365
8/12/2020 16:00,74.28,75.62,74.26,75.33,1437655
8/13/2020 16:00,75.52,76.86,75.4,75.92,1455208
8/14/2020 16:00,75.78,76.1,75.14,75.39,1355200
8/17/2020 16:00,75.73,76.28,75.4,75.9,1378600
8/18/2020 16:00,76.31,78.12,76.19,77.93,2027086
8/19/2020 16:00,77.67,78.68,77.2,77.38,1660611
8/20/2020 16:00,77.17,79.29,76.91,79.09,1706877
8/21/2020 16:00,78.85,79.89,78.4,79.02,1446453
8/24/2020 16:00,79.7,80.71,79.03,79.41,1410229
8/25/2020 16:00,79.1,80.58,79.1,80.41,2132084
8/26/2020 16:00,80.4,82.96,80.18,82.62,3581072
8/27/2020 16:00,82.68,82.75,81.29,81.72,1861602
8/28/2020 16:00,81.67,82.36,81.54,82.22,1499782
8/31/2020 16:00,82.39,82.4,81.52,81.71,1823406
9/1/2020 16:00,81.83,83.29,81.61,83.04,1826655
9/2/2020 16:00,83.69,86.66,83.32,86.41,2511180
9/3/2020 16:00,85.49,85.49,80.75,82.09,3107763
9/4/2020 16:00,81.21,82.26,77.38,79.55,2608568
9/8/2020 16:00,76.68,78.19,76.4,76.62,2610884
9/9/2020 16:00,77.88,78.45,76.8,77.85,1774704
9/10/2020 16:00,78.03,79.2,76.29,76.6,1618557
9/11/2020 16:00,76.8,78.76,74.87,76.04,1597087
9/14/2020 16:00,76.95,78.2,75.79,75.96,1696589
9/15/2020 16:00,76.8,77.98,76.59,77.07,1331082
9/16/2020 16:00,77.78,78.1,75.99,76.05,1312299
9/17/2020 16:00,74.8,75.41,73.5,74.78,1879751
9/18/2020 16:00,74.9,75.15,71.86,73,3103882
9/21/2020 16:00,72,72.42,70.33,71.56,2888827
9/22/2020 16:00,72.5,73.48,71.73,73.27,1583201
9/23/2020 16:00,72.94,73.05,70.39,70.76,1657350
9/24/2020 16:00,70.55,72.19,70.49,71.41,1450216
9/25/2020 16:00,71.63,72.5,70.67,72.25,1323375
9/28/2020 16:00,73.71,73.84,72.47,73.23,2007941
9/29/2020 16:00,73.52,73.83,72.94,73.47,979102
9/30/2020 16:00,73.34,74.49,72.99,73.48,1701608
10/1/2020 16:00,74.21,74.95,73.96,74.5,1779497
10/2/2020 16:00,73.1,74.16,72.55,72.92,1284071
10/5/2020 16:00,73.31,74.41,73.21,74.3,1113257
10/6/2020 16:00,73.78,74.34,72.43,72.67,1245423
10/7/2020 16:00,73.21,73.45,71.8,73.01,1746156
10/8/2020 16:00,73.25,74.5,73.25,74.3,1187831
10/9/2020 16:00,74.74,75.83,74.47,75.76,1435542
10/12/2020 16:00,77.15,79.69,76.63,78.46,2482560
10/13/2020 16:00,79.19,79.5,78.16,78.58,1601043
10/14/2020 16:00,78.93,79.38,77.53,78.4,1930990
10/15/2020 16:00,77.36,78.76,77.25,77.96,1540817
10/16/2020 16:00,78.29,79.06,78.15,78.65,1435137
10/19/2020 16:00,79.02,79.41,76.4,76.73,1607075
10/20/2020 16:00,76.35,78.88,76.28,77.8,2242572
10/21/2020 16:00,78.67,80.94,78.58,79.67,2568345
10/22/2020 16:00,79.65,81.1,79.25,80.77,1434042
10/23/2020 16:00,81.3,82.12,81.03,82.05,1375844
10/26/2020 16:00,81.25,81.91,78.83,79.52,1853254
10/27/2020 16:00,79.78,80.34,79.14,80.21,1229002
10/28/2020 16:00,77.99,78.07,75.73,75.83,1833959
10/29/2020 16:00,76.12,79.69,76.11,78.36,2003064
10/30/2020 16:00,83.61,84.35,80.22,81.05,4330862
11/2/2020 16:00,81.41,83.04,80.8,81.3,2535446
11/3/2020 16:00,81.59,83.09,80.83,82.51,1661653
11/4/2020 16:00,85.51,88.57,85.3,87.46,3570927
11/5/2020 16:00,89.05,89.68,87.53,88.17,2065812
11/6/2020 16:00,87.7,88.62,87.02,88.09,1661225
11/9/2020 16:00,89.55,90.9,88,88.15,2268270
11/10/2020 16:00,86.55,88.15,85.87,87.02,2636142
11/11/2020 16:00,87.5,88.21,87.37,87.64,1263966
11/12/2020 16:00,87.38,88.41,87.28,87.49,1248754
11/13/2020 16:00,87.88,89.05,87.23,88.85,1500574
11/16/2020 16:00,88.59,89.95,88.38,89.07,1246785
11/17/2020 16:00,88.85,89.25,88.35,88.51,1147114
11/18/2020 16:00,88.26,88.67,87.31,87.34,1173466
11/19/2020 16:00,86.92,88.48,86.85,88.2,1249910
11/20/2020 16:00,88.26,88.7,87.09,87.11,2313655
11/23/2020 16:00,87.48,87.7,85.89,86.74,2161975
11/24/2020 16:00,86.53,88.58,86.38,88.44,1579703
11/25/2020 16:00,88.64,88.93,87.83,88.57,1046122
11/27/2020 13:00,88.65,90.2,88.62,89.66,884916
11/30/2020 16:00,89.06,89.4,87.75,88.04,1823836
12/1/2020 16:00,88.72,91.24,88.47,89.91,1739045
12/2/2020 16:00,89.91,91.78,89.47,91.4,1222032
12/3/2020 16:00,91.2,92.36,91.13,91.34,1227298
12/4/2020 16:00,91.23,91.66,90.85,91.4,1378166
12/7/2020 16:00,90.95,91.62,90.29,90.97,1320946
12/8/2020 16:00,90.51,91.1,89.81,90.93,1096319
12/9/2020 16:00,90.6,91.71,88.39,89.21,1507558
12/10/2020 16:00,88.49,89.07,87.02,88.77,1362848
12/11/2020 16:00,88.15,89.22,88,89.09,1220651
12/14/2020 16:00,88.75,89.87,87.86,88,1600173
12/15/2020 16:00,88.22,88.57,87.5,88.39,1482261
12/16/2020 16:00,88.64,88.65,87.8,88.15,1513543
12/17/2020 16:00,88.43,88.59,86.93,87.4,1624744
12/18/2020 16:00,87.71,87.76,86.01,86.55,4016353
12/21/2020 16:00,85.68,87.04,84.95,86.97,1828378
12/22/2020 16:00,86.72,86.87,85.63,86.18,938346
12/23/2020 16:00,86.41,87.4,86.25,86.62,1033917
12/24/2020 13:00,86.75,87.3,86.46,86.94,346753
12/28/2020 16:00,87.58,89.54,87.32,88.8,1393033
12/29/2020 16:00,89.39,89.62,87.8,87.94,1299395
12/30/2020 16:00,88.1,88.25,86.28,86.98,1306130
12/31/2020 16:00,86.77,87.95,86.77,87.59,1012240
1/4/2021 16:00,87.88,88.03,85.39,86.41,1901855
1/5/2021 16:00,86.25,87.38,85.9,87.05,1145347
1/6/2021 16:00,85.13,87.4,84.95,86.76,2602114
1/7/2021 16:00,87,89.42,86.85,89.36,2265022
1/8/2021 16:00,89.4,90.49,88.68,90.36,2051002
1/11/2021 16:00,89.3,89.72,88.03,88.34,1209735
1/12/2021 16:00,87.7,88.9,86.27,87.33,1357691
1/13/2021 16:00,86.93,88.25,86.9,87.72,1094131
1/14/2021 16:00,87.68,88.75,86.67,87.01,1179477
1/15/2021 16:00,86.91,87.8,86.08,86.81,1342170
1/19/2021 16:00,87.61,90.46,87.07,89.54,1734614
1/20/2021 16:00,91.57,95.19,91.28,94.35,2490258
1/21/2021 16:00,94.9,96.74,94.36,94.56,2063932
1/22/2021 16:00,94.78,95.55,94.09,95.05,1272232
1/25/2021 16:00,96.03,96.48,93.38,94.97,1927320
1/26/2021 16:00,94.44,96.25,94.21,95.86,1313139
1/27/2021 16:00,94.13,94.5,90.45,91.54,2748292
1/28/2021 16:00,92.2,94.94,92.13,93.16,1773138
1/29/2021 16:00,92.31,92.86,90.51,91.79,1612552
2/1/2021 16:00,92.68,96.12,92.55,95.07,1602182
2/2/2021 16:00,96.13,97.79,95.72,96.38,2273723
2/3/2021 16:00,103.65,105.83,100.92,103.5,4118170
2/4/2021 16:00,103.44,103.93,102.13,103.12,1852329
2/5/2021 16:00,103.5,105.13,102.97,104.9,1535135
2/8/2021 16:00,105.3,106.18,103.6,104.65,1242411
2/9/2021 16:00,103.93,105.26,103.93,104.18,889850
2/10/2021 16:00,104.71,105.42,103.15,104.77,1135464
2/11/2021 16:00,104.98,105.1,103.87,104.79,945650
2/12/2021 16:00,104.51,105.44,104.16,105.21,855865
2/16/2021 16:00,105.22,107.63,105.22,106.1,1133838
2/17/2021 16:00,105,106.68,104.95,106.42,1070941
2/18/2021 16:00,105.52,106.64,105.19,105.86,1121855
2/19/2021 16:00,105.96,106.53,104.87,105.06,1457612
2/22/2021 16:00,103.35,104.57,103.11,103.24,1367533
2/23/2021 16:00,101.25,104.1,100.1,103.54,1667377
2/24/2021 16:00,102.09,105.04,101.91,104.76,1248349
2/25/2021 16:00,103.37,104.74,101.06,101.57,1828432
2/26/2021 16:00,102.53,103.55,100.8,101.84,2083801
3/1/2021 16:00,102.83,104.33,102.31,104.08,1405115
3/2/2021 16:00,103.81,105.22,103.56,103.79,1134595
3/3/2021 16:00,103.36,104.43,100.5,101.34,1484181
3/4/2021 16:00,101.17,104.46,101.01,102.45,2118006
3/5/2021 16:00,103.66,105.91,102.32,105.43,2195218
3/8/2021 16:00,105.06,106.44,101.08,101.21,1647429
3/9/2021 16:00,103.5,103.9,102.39,102.64,1697306
3/10/2021 16:00,103.59,103.75,101.67,102.75,1268592
3/11/2021 16:00,103.7,106.29,103.62,105.74,1239080
3/12/2021 16:00,104.25,104.51,102.38,103.1,1725794
3/15/2021 16:00,103.12,103.35,102.18,103.32,1298325
3/16/2021 16:00,103.95,106.18,103.5,104.63,1491564
3/17/2021 16:00,103.8,105.49,102.7,104.55,1299016
3/18/2021 16:00,103.05,103.78,101.68,101.81,1362430
3/19/2021 16:00,102.1,102.66,100.88,102.16,2314893
3/22/2021 16:00,102.09,102.9,101.3,101.93,1954816
3/23/2021 16:00,102.59,103.62,101.96,102.65,1366997
3/24/2021 16:00,103.27,103.91,102.08,102.25,1154029
3/25/2021 16:00,102.24,102.94,100.54,102.22,1418907
3/26/2021 16:00,101.94,102.55,100.7,101.78,1493800
3/29/2021 16:00,101.39,102.92,100.78,102.8,1229777
3/30/2021 16:00,102.88,103.54,102.2,102.78,1036774
3/31/2021 16:00,102.96,104.67,102.84,103.43,1459930
4/1/2021 16:00,104.9,107.15,104.84,106.89,1698978
4/5/2021 16:00,107.65,111.87,107.58,111.28,2164875
4/6/2021 16:00,111.13,111.88,110.74,111.24,1353036
4/7/2021 16:00,111.31,112.75,111.27,112.48,1289861
4/8/2021 16:00,113.9,114.2,112.88,113.27,1358259
4/9/2021 16:00,112.84,114.45,112.69,114.29,1044365
4/12/2021 16:00,113.31,113.77,111.92,112.74,1565851
4/13/2021 16:00,113.07,113.86,112.8,113.36,1165804
4/14/2021 16:00,113.76,113.9,112.46,112.74,1010967
4/15/2021 16:00,113.85,115.33,113.3,114.83,1373612
4/16/2021 16:00,115.15,115.32,114.22,114.89,1130090
4/19/2021 16:00,114.6,115.92,114.39,115.12,1234445
4/20/2021 16:00,115.39,115.48,113.59,114.68,1088749
4/21/2021 16:00,114.26,114.77,112.93,114.66,1196731
4/22/2021 16:00,114.66,115.19,112.82,113.4,1054808
4/23/2021 16:00,114.17,116.29,113.91,115.77,1435162
4/26/2021 16:00,116,117.06,115.69,116.34,1041650
4/27/2021 16:00,116.8,116.87,115.21,115.36,1598583
4/28/2021 16:00,120.36,122.62,118.74,119,2986439
4/29/2021 16:00,120.52,121.83,120.11,121.49,1977677
4/30/2021 16:00,120.22,121.36,120.11,120.51,1957130
5/3/2021 16:00,120.14,120.99,119.23,119.76,1689389
5/4/2021 16:00,118.49,118.96,115.59,117.71,1756015
5/5/2021 16:00,118.42,119.11,117.57,117.84,1090275
5/6/2021 16:00,117.53,119.14,117.12,119.07,1030859
5/7/2021 16:00,120,120.82,119.5,119.93,1163892
5/10/2021 16:00,118.74,118.9,116.74,117.08,1300271
5/11/2021 16:00,114.59,116.1,114.15,115.44,1605548
5/12/2021 16:00,113.09,114.27,111.5,111.95,1746664
5/13/2021 16:00,113.05,113.83,112.14,113.1,1333508
5/14/2021 16:00,114.59,116.06,114.17,115.81,1331248
5/17/2021 16:00,115.47,116.17,114.75,116.07,992416
5/18/2021 16:00,116.85,117.16,115.16,115.17,865119
5/19/2021 16:00,113.22,115.84,113.18,115.44,967544
5/20/2021 16:00,116.4,118.02,116.05,117.8,1191593
5/21/2021 16:00,118.3,118.45,117.12,117.26,1141632
5/24/2021 16:00,118.35,120.92,118.01,120.33,1062189
5/25/2021 16:00,121,121.64,120.15,120.45,941928
5/26/2021 16:00,120.64,122.15,120.63,121.68,1092819
5/27/2021 16:00,121.85,122,120.1,120.13,1948113
5/28/2021 16:00,121.1,121.41,120.38,120.58,1205382
6/1/2021 16:00,121.1,121.9,120.24,121.49,958289
6/2/2021 16:00,121.77,122.1,120.21,121.06,858105
6/3/2021 16:00,119.75,120.49,119.14,120.23,917291
6/4/2021 16:00,121.13,122.69,120.89,122.59,1297434
6/7/2021 16:00,122.57,123.4,122.05,123.3,1192453
6/8/2021 16:00,124,124.72,123.41,124.14,1253253
6/9/2021 16:00,124.98,125.25,124.37,124.57,1006337
6/10/2021 16:00,124.7,126.16,124.7,126.08,1561733
6/11/2021 16:00,126.25,126.35,124.91,125.7,1262309
6/14/2021 16:00,125.67,126.41,125.05,126.35,1127522
6/15/2021 16:00,126.52,126.86,125.65,126.03,1109130
6/16/2021 16:00,126.25,126.52,124.15,125.7,1315838
6/17/2021 16:00,125.52,127.2,125.52,126.37,1287791
6/18/2021 16:00,125.71,126.39,124.6,125.57,2665310
6/21/2021 16:00,125.74,127.04,125.13,126.46,1312826
6/22/2021 16:00,126.45,127.27,126.03,127,1049310
6/23/2021 16:00,126.55,127.8,126.25,126.46,984658
6/24/2021 16:00,127.05,127.54,126.96,127.28,946662
6/25/2021 16:00,126.96,127.51,126.44,127,1674297
6/28/2021 16:00,127,127.34,125.97,126.82,1405543
6/29/2021 16:00,126.77,127,125.44,126.02,1047478
6/30/2021 16:00,125.65,125.8,124.76,125.32,1200478
7/1/2021 16:00,124.85,126.46,124.85,126.37,856230
7/2/2021 16:00,126.84,128.85,126.77,128.72,1058256
7/6/2021 16:00,129.45,129.88,128.41,129.77,1067517
7/7/2021 16:00,130.34,130.64,129.76,130.08,834186
7/8/2021 16:00,128.25,130.03,128.04,129.18,988975
7/9/2021 16:00,128.94,129.85,128.94,129.57,755466
7/12/2021 16:00,129.83,130.77,129.6,130.56,847546
7/13/2021 16:00,130.88,132.04,130.64,130.99,830898
7/14/2021 16:00,131.9,133,131.9,132.08,895927
7/15/2021 16:00,132.5,132.6,130.6,131.27,829316
7/16/2021 16:00,131.64,132.18,130.82,131.85,743059
7/19/2021 16:00,131.16,131.25,128.54,129.25,1285466
7/20/2021 16:00,130,132,129.19,131.1,954156
7/21/2021 16:00,130.79,132.62,130.6,132.6,737082
7/22/2021 16:00,132.65,133.5,132.4,133.33,680407
7/23/2021 16:00,135.26,138.81,134.7,137.82,1318887
7/26/2021 16:00,138.25,139.71,137.65,139.64,1152623
7/27/2021 16:00,140.01,140.01,135.1,136.8,2108153
7/28/2021 16:00,138.56,139.68,136.35,136.38,2734417
7/29/2021 16:00,136.38,137.15,136.14,136.54,964167
7/30/2021 16:00,135.51,135.77,134.81,135.22,1197725
8/2/2021 16:00,135.48,136.02,134.67,135.99,1007002
8/3/2021 16:00,136,136.34,134.18,136.28,953200
8/4/2021 16:00,136.25,136.54,135.42,136.03,826357
8/5/2021 16:00,136.03,136.95,135.6,136.94,593589
8/6/2021 16:00,136.29,137.08,136.05,137.04,678251
8/9/2021 16:00,136.95,138.32,136.43,138,618978
8/10/2021 16:00,138.08,138.55,137.23,138.1,801954
8/11/2021 16:00,138.28,138.85,137.35,137.69,760483
8/12/2021 16:00,137.71,138.42,136.78,138.39,732470
8/13/2021 16:00,138.36,138.67,138.01,138.41,629029
8/16/2021 16:00,138,138.99,136.17,138.92,902542
8/17/2021 16:00,138.19,138.72,136.79,137.3,1063701
8/18/2021 16:00,137.12,138.29,136.42,136.57,746723
8/19/2021 16:00,135.47,137.45,135.36,136.91,914796
8/20/2021 16:00,137.08,138.61,136.47,138.44,778337
8/23/2021 16:00,139,142.18,138.75,141.1,1054484
8/24/2021 16:00,141.54,143.01,141.35,142.4,756313
8/25/2021 16:00,142.88,143.31,142.44,142.95,642153
8/26/2021 16:00,142.62,143.13,142.09,142.12,746100
8/27/2021 16:00,142.11,145.01,142.02,144.55,1228412
8/30/2021 16:00,144.7,146.49,144.6,145.47,845795
8/31/2021 16:00,145.88,146.11,145,145.46,1337821
9/1/2021 16:00,145.65,146.82,145.61,145.84,791234
9/2/2021 16:00,145.95,146.32,144.11,144.22,1092790
9/3/2021 16:00,144.15,145.38,143.51,144.78,955524
9/7/2021 16:00,144.75,145.82,144.54,145.52,758630
9/8/2021 16:00,145.39,145.55,144.2,144.88,774583
9/9/2021 16:00,144.88,145.67,144.43,144.91,739928
9/10/2021 16:00,145.44,146.02,141.74,141.92,1644831
9/13/2021 16:00,143.2,144.19,142.28,143.47,1008781
9/14/2021 16:00,144.16,144.73,142.91,143.41,945957
9/15/2021 16:00,143.76,145.58,142.26,145.21,1032671
9/16/2021 16:00,145.12,145.2,143.42,144.37,1014942
9/17/2021 16:00,143.8,144.25,141.06,141.46,3001991
9/20/2021 16:00,139,139.36,137.05,139.02,1745886
9/21/2021 16:00,140.12,140.81,138.91,139.65,906469
9/22/2021 16:00,140.05,141.58,139.47,140.94,1103390
9/23/2021 16:00,141.61,142.25,141.1,141.83,863805
9/24/2021 16:00,140.95,142.9,140.85,142.63,747467
9/27/2021 16:00,141.59,142.5,140.5,141.5,942204
9/28/2021 16:00,139.09,139.61,135.7,136.18,2109483
9/29/2021 16:00,137.11,137.4,134.25,134.52,1316861
9/30/2021 16:00,134.32,135.59,133,133.27,1768199
10/1/2021 16:00,133.55,137.07,133.38,136.46,1419365
10/4/2021 16:00,135.7,135.7,131.17,133.76,1576495
10/5/2021 16:00,134,137.36,134,136.18,1206337
10/6/2021 16:00,134.63,137.85,134.49,137.35,988216
10/7/2021 16:00,138.86,140.15,138.56,139.19,912523
10/8/2021 16:00,139.91,140.32,139.43,140.06,946421
10/11/2021 16:00,139.8,140.76,138.81,138.85,829238
10/12/2021 16:00,139.64,139.7,136.25,136.71,1126751
10/13/2021 16:00,137.75,138.55,136.98,137.9,819664
10/14/2021 16:00,139.95,141.65,139.34,141.41,1071878
10/15/2021 16:00,142.2,142.2,141.06,141.68,1062668
10/18/2021 16:00,141.21,143,141.21,142.96,828360
10/19/2021 16:00,143.29,144.11,143.1,143.82,765792
10/20/2021 16:00,144.22,144.25,141.91,142.42,896975
10/21/2021 16:00,142.19,142.85,141.64,142.78,742496
10/22/2021 16:00,140.35,141.56,137.17,138.63,1509132
10/25/2021 16:00,138.81,139.21,136.75,138.77,1054085
10/26/2021 16:00,140.61,140.84,139.01,139.67,1412937
10/27/2021 16:00,139.9,149.12,139.9,146.43,2592546
10/28/2021 16:00,147.3,147.42,144.76,146.13,1620903
10/29/2021 16:00,145.52,148.61,145.17,148.27,1447725
11/1/2021 16:00,148.17,148.4,143.58,143.77,1613605
11/2/2021 16:00,144.81,146.92,144.64,145.86,1057529
11/3/2021 16:00,146.28,146.91,145.05,146.79,894330
11/4/2021 16:00,147.2,149.95,146.64,148.68,1235040
11/5/2021 16:00,149.35,150.57,148.65,149.24,1020407
11/8/2021 16:00,150,151.03,149.12,149.35,919407
11/9/2021 16:00,149.75,150.38,147.51,149.25,843778
11/10/2021 16:00,148.01,148.7,145.32,146.63,1135416
11/11/2021 16:00,147.11,148.5,146.69,146.75,623155
11/12/2021 16:00,147.83,149.86,146.45,149.65,852383
11/15/2021 16:00,150,150.48,148.65,149.39,812367
11/16/2021 16:00,149.17,149.83,148.35,149.08,862743
11/17/2021 16:00,149.23,149.63,148.56,149.06,764541
11/18/2021 16:00,149.15,151.61,149,150.71,1334120
11/19/2021 16:00,151,151.85,149.89,149.95,989148
11/22/2021 16:00,150.14,150.74,147.01,147.08,1231385
11/23/2021 16:00,147.11,147.69,144.89,146.76,906657
11/24/2021 16:00,146.35,147,145.2,146.72,823203
11/26/2021 13:00,145.02,145.3,142.49,142.81,849606
11/29/2021 16:00,144.3,146.86,144.3,146.11,1313806
11/30/2021 16:00,145.45,146.63,142.07,142.45,2079526
12/1/2021 16:00,144.21,146.5,141.5,141.62,1427289
12/2/2021 16:00,141.82,144.68,140.98,143.78,1062535
12/3/2021 16:00,144.5,145.21,141.15,142.52,1334374
12/6/2021 16:00,143.57,144.35,140.65,143.8,1109885
12/7/2021 16:00,145.95,148.3,145.7,148.04,1162914
12/8/2021 16:00,148.33,149.16,147.2,148.72,948197
12/9/2021 16:00,148.18,149.6,147.53,148.11,929030
12/10/2021 16:00,149.1,149.4,147.36,148.68,1081923
12/13/2021 16:00,148.44,148.56,146.36,146.7,1205196
12/14/2021 16:00,144.77,145.44,142.24,144.97,1238940
12/15/2021 16:00,144.37,147.52,142.71,147.37,1364048
12/16/2021 16:00,148.08,148.55,144.09,144.84,1369987
12/17/2021 16:00,142.71,144.46,141.79,142.8,2170235
12/20/2021 16:00,140.68,142.61,140.25,142.4,1013176
12/21/2021 16:00,143.15,144.69,141.74,144.22,977597
12/22/2021 16:00,144.1,147.3,143.96,146.95,922024
12/23/2021 16:00,147.09,148.57,146.95,147.14,690934
12/27/2021 16:00,147.46,148.43,147.25,148.06,662966
12/28/2021 16:00,148.37,148.37,145.94,146.45,931792
12/29/2021 16:00,146.43,147.18,145.5,146.5,851236
12/30/2021 16:00,146.45,147.06,145.76,146,648851
12/31/2021 16:00,145.54,146.37,144.68,144.68,864885
